会社名,区分,所在地（市区町村まで）,電話（会社代表番号のみ）,公式URL,対応燃料,配送エリア,ローリー台数（公開時のみ）,特徴,出典URL,確度,取得日
三栄石油株式会社,ターゲット候補（小規模配達業者）,兵庫県尼崎市（下坂部）,06-6491-5492,https://www.sanei-oil.com/,軽油・灯油・重油・A重油・ガソリン,尼崎・西宮・伊丹・芦屋・宝塚・豊中・吹田・大阪市（西淀川区・淀川区・此花区・福島区）,3t・2tタンクローリー2台＋ミニローリー2台（公式サイト検索要約）,創業50年以上のSS（尼崎東給油所）兼業。工場・建設現場・フォークリフト・ボイラー・非常用発電機へ配達。定期便とスポット両対応。SS運営のため仕入は特約店ルートの可能性（未確認）,https://www.sanei-oil.com/,高,2026-09-29
大島商事株式会社,不明,兵庫県尼崎市（道意町）,06-6417-8501,https://oshima-energy.com/,灯油（18Lから配達）。軽油の配達は未確認,尼崎市内（灯油）,,昭和25年創業・資本金1000万円・従業員95名・阪神間にSS4店舗。営業品目に「配達」「工業用オイル販売」。軽油ローリー配達の有無は未確認のため区分は不明,https://oshima-energy.com/company,高,2026-09-29
有限会社森口商店,不明,兵庫県尼崎市（浜）,06-6499-2115,,不明（燃料・灯油店として掲載）,不明,,検索要約の地図・店舗情報サイトに「燃料・灯油」業種で掲載。ローリー保有・軽油配達は未確認。現地確認向き,https://hotpepper.omisenomikata.jp/area/hyogo/amagasaki/tsukiji/c6066/（検索要約由来・要再確認）,低,2026-09-29
株式会社NEXT（next-fuel.net）,ターゲット候補（小規模配達業者）,大阪府（南大阪・市区町村は未確認）,,https://next-fuel.net/,軽油・灯油,大阪市全域（此花区・西淀川区・港区・大正区を明記）ほか,,巡回パトロール給油（出張給油）専業サイト。南大阪に本社との記載。同名他社が多数あり法人特定は未了,https://next-fuel.net/,中,2026-09-29
イーエルジー株式会社（ELG）,ターゲット候補（小規模配達業者）,大阪府東大阪市（長田東）,,https://www.elg-inc.jp/energy/fuel.php,灯油・重油・軽油・ガソリン,大阪府下（法人1kL以上は全国相談）,,LPガス主体の事業者。ローリー配達・定期配送に対応。軽油200L〜。拠点は対象エリア外（東大阪）だが大阪市内へ配達,https://www.elg-inc.jp/energy/fuel.php,高,2026-09-29
横田瀝青興業株式会社,不明,不明（検索結果に所在地なし）,,http://www.yokoreki.jp/,軽油・灯油・重機用燃料・アドブルー,関西一円（要望で全国）,,瀝青材料卸が本業。石油販売事業部が小口配送（パトロール給油）。「燃料備蓄」を掲げており自社タンク保有の可能性,http://www.yokoreki.jp/business/fuel/fuel.html,中,2026-09-29
旭光商事株式会社,不明,不明（大阪南部と記載）,,https://www.kyokko-ss.co.jp/patrol,軽油ほか（パトロール給油ページあり）,大阪南部地域,,潤滑油・SS・燃料配送事業。対象エリア（尼崎〜大阪市西部）を含むかは未確認,https://www.kyokko-ss.co.jp/patrol,中,2026-09-29
シューワ株式会社,不明,大阪府堺市（中区）,,https://shu-wa-toyu.jp/,灯油（巡回販売）ほか各種燃料,大阪府中心（大阪市淀川区など）,,「雪やコンコ」の灯油巡回販売で知られる。グループ13事業の中堅。軽油の現場配達は未確認,https://shu-wa-toyu.jp/company/,中,2026-09-29
有限会社野崎石油店,不明,不明（検索結果に所在地なし）,,https://nozakisekiyu.jp/,軽油・灯油・重油,不明,,「現場配達（パトロール給油）」を掲げる。尼崎・西宮の検索で表示されたが所在地未確認,https://nozakisekiyu.jp/,低,2026-09-29
株式会社吾妻商会,競合・除外候補（大手・元売系・自社油槽所）,東京都中央区（本社）。大阪は淀川区に事務所（検索要約）,,https://www.azuma-syokai.co.jp/oil-delivery-form/,軽油・重油・灯油,関東・東海・関西（尼崎市・伊丹市・大阪市西淀川区・淀川区・福島区・此花区・港区・大正区を明記）,,1919年創業の総合商社（石炭・LPG・石油・交通安全用品）。小型ローリーの小口配送を全国展開。大手商社系のため仕入切替提案の対象外の可能性,https://www.azuma-syokai.co.jp/business/resource/oil-delivery/,高,2026-09-29
株式会社大同井本エナジー（燃料配送マスター eyn.jp運営）,競合・除外候補（大手・元売系・自社油槽所）,大阪府大阪市大正区（平尾）本社／此花区（梅町）桜島デリバリーセンター／東大阪市,,https://daidoimoto-energy.com/,A重油・白灯油・ガソリン・軽油・潤滑油,大阪中心に全国,2t・3t・4t・5t・ドラム配送車・16tローリー（台数非公開）,大阪2拠点で備蓄7600〜8000KL。2025年10月から三和グループ（宇佐美グループ）傘下。24時間365日配送。自社油槽所保有,https://eyn.jp/fuel-delivery/332/,高,2026-09-29
伊丹産業株式会社,競合・除外候補（大手・元売系・自社油槽所）,兵庫県伊丹市,,https://www.itami-grp.co.jp/business/oil/,ガソリン・軽油・灯油・重油,兵庫・大阪（尼崎にセルフ武庫之荘SS・園田エコステーションSS等）,,大手特約店。工場・病院・公共施設のタンクへ直納。SS多数,https://www.itami-grp.co.jp/business/oil/,高,2026-09-29
株式会社シェル石油大阪発売所（尼崎油槽所）,競合・除外候補（大手・元売系・自社油槽所）,兵庫県尼崎市（油槽所）／大阪市淀川区（新大阪本社SS）,,https://www.shellhatu.com/for-business/storage-facility/,重油・軽油・石油化学溶剤・潤滑油,関西中心・小ロット全国,,尼崎港近くに自社油槽所。銭湯ボイラー燃料から発電用重油まで小ロット対応。元売系,https://www.shellhatu.com/for-business/storage-facility/,高,2026-09-29
出光興産 尼崎油槽所（灯油配達サービス店舗）,競合・除外候補（大手・元売系・自社油槽所）,兵庫県尼崎市,,https://toyu.idemitsu.com/shop?id=279,灯油（配達サービス）,尼崎周辺,,元売直系の灯油配達拠点,https://toyu.idemitsu.com/shop?id=279,中,2026-09-29
三菱ケミカル物流株式会社 尼崎油槽所,競合・除外候補（大手・元売系・自社油槽所）,兵庫県尼崎市,,https://www.mclc.co.jp/corporate/domestic/amagasaki/,ローリー充填設備・桟橋あり（品目は要確認）,,,油槽所（物流施設）。配達業者ではないが仕入元・積込拠点として現地確認の目印,https://www.mclc.co.jp/corporate/domestic/amagasaki/,中,2026-09-29
三和エナジー株式会社,競合・除外候補（大手・元売系・自社油槽所）,神奈川県横浜市（本社）,,https://sanwa-energy.com/,軽油・重油・灯油,全国（東日本12拠点。関西は大同井本エナジーがグループ入り）,,宇佐美グループ。岩崎指定の除外候補,https://sanwa-energy.com/company/profile/,高,2026-09-29
平野石油株式会社,競合・除外候補（大手・元売系・自社油槽所）,不明（検索結果に所在地なし）,,https://hiranosekiyu.com/,不明（燃料配送ページあり）,不明,,岩崎指定の除外候補。所在地・拠点は未確認,https://hiranosekiyu.com/delivery/,低,2026-09-29
株式会社サンワ石油商興,競合・除外候補（大手・元売系・自社油槽所）,不明（検索結果に所在地なし）,,https://sanwasekiyu-shoko.com/,不明（パトロール給油ページあり）,不明,,岩崎指定の除外候補。所在地・拠点は未確認,http://www.sanwasekiyu-shoko.com/service/,低,2026-09-29
大阪石油運送株式会社,不明,大阪府大阪市西淀川区,,,,,,大型タンクローリーの石油輸送業（求人情報より）。小口配達業者ではない見込み。除外寄り,https://www.hatalike.jp/viewjob/6c11d51aa57b30b3/,低,2026-09-29
阪神石油運送株式会社,不明,大阪府大阪市此花区（北港）,,,,,,大型タンクローリー輸送業（検索要約）。小口配達業者ではない見込み。除外寄り,https://map.yahoo.co.jp/v3/place/dCdFLIcCCKE（検索要約由来・要再確認）,低,2026-09-29
富士油脂産業株式会社,岩崎確認要（配送業者6社）,大阪府門真市（東田町）,,,不明（石油卸売業）,不明,,gBizINFO/Baseconnectに「石油卸売業」。ミニローリー・配達の記載は未確認,https://info.gbiz.go.jp/hojin/ichiran?hojinBango=1120001158106,中,2026-09-29
有限会社エスジー,岩崎確認要（配送業者6社）,大阪府岸和田市（荒木町）※同名別会社の可能性,,,不明,不明,,Baseconnect掲載の同名法人は作業服小売と記載。燃料配送の会社と同一か未確認,https://baseconnect.in/companies/6fba648c-baee-48c0-b04a-9447935605bb,低,2026-09-29
郵船商事株式会社,岩崎確認要（配送業者6社）,東京都（本社）／大阪市北区（東天満）営業所,,https://www.nyk-trading.com/,舶用燃料油・潤滑油ほか,全国,,NYKグループの商社。舶用燃料が主。陸上の小口配送は未確認,https://www.nyk-trading.com/corporate/organization.html,中,2026-09-29
イトー（堺市）,岩崎確認要（配送業者6社）,大阪府堺市（岩崎情報）,,,,,,検索回数上限のため未調査,,低,2026-09-29
三政商事,岩崎確認要（配送業者6社）,,,,,,,検索1回で該当なし。正式社名・所在地は岩崎に確認,,低,2026-09-29
東洋エネック,岩崎確認要（配送業者6社）,,,,,,,検索1回で該当なし（静岡の株式会社エネック等の別会社のみ表示）。正式社名・所在地は岩崎に確認,,低,2026-09-29
