取引先ID,会社名,電話,確度,出典URL,備考
C000001,でゅお不動産株式会社,06-6338-0700,高,https://www.duo-estate.co.jp/company/,公式サイト会社紹介のスニペット。FAX 06-6338-0751。ハトマーク・不動産ジャパンも同番号
C000002,エーピーエム（株）,06-6821-2225,高,https://www.apm01.jp/info,公式サイトCOMPANYのスニペット。FAX 06-6821-2230。所在地 吹田市金田町28-12
C000003,ユニヴ・ライフ（株）,06-6310-3303,高,https://www.univlife.co.jp/company/profile.html,本店（吹田市佐井寺4-43-8）。部門別番号あり: 06-6310-3536 / 06-6310-8686 / 06-6338-7713、フリーダイヤル 0120-107-001
C000004,旭中央株式会社,06-6337-3831,高,http://www.asahichuo.co.jp/company/outline.html,会社案内・宅建協会で「代表」表記。FAX 06-6337-3829。マピオンでは建物管理部・業務部 06-6337-3831／総務部 06-6337-3837
C000005,株式会社サンキ,06-6876-3618,高,http://sanki1968.co.jp/publics/index/2/,公式会社案内・gooタウンページ（代表表記）とも同番号。FAX 06-6876-7323。別サイトに 06-6816-7161 の記載あり（未確認）
C000006,（株）アイ・ディー・シー,06-6190-5011,高,https://www.id-com.co.jp/company/,公式サイト会社案内のスニペット。FAX 06-6190-5022。所在地 吹田市広芝町10-35 江坂南口第2ビル6F
C000007,（株）エルプラス,06-6378-5333,中,https://www.osaka-takken.or.jp/search/result_detail/?id=02710652250,大阪府宅建協会・ハトマークのスニペット。FAX 06-6378-5300。公式 el-plus.co.jp のスニペットには番号なし。堺市南区に同名別会社あり（混同注意）
C000008,（株）ストライド,06-6201-0777,高,https://stride-inc.jp/company/,公式サイトのスニペット。ただし登記所在地は大阪市中央区瓦町4-4-8（リストの吹田市と不一致）。吹田拠点は未確認
C000009,（株）ベストサービス,072-260-9792,高,https://www.best-service.info/company.html,公式サイト会社案内・宅建協会とも同番号。本社は堺市堺区出島海岸通1-9-1（リストの吹田市と不一致）。吹田拠点は未確認。FAX 072-260-9793
C000010,（株）ライフ不動産,06-6722-0099,高,https://www.life-kanri.co.jp/company/,公式サイト会社概要のスニペット。本社は東大阪市小阪本町1-2-17（リストの吹田市と不一致）。吹田拠点は未確認
C000011,（株）大阪ガスファシリティーズ,06-6978-5850,高,https://www.ogfa.co.jp/about/outline/,本社代表（大阪市東成区中道1-4-2）。賃貸マンション窓口 0120-210-367。公式事業拠点ページに吹田市の拠点記載ありだが番号はスニペット未掲載
C000012,（株）ＳＫ不動産,,,https://www.jpm.jp/branch/list.php?cid=27,未取得。日管協会員一覧に吹田市垂水町3-30-13の所在地記載のみで番号なし。リストの e-net.or.jp は三重県名張市の同名別会社（不採用）。近隣で出た 06-6330-8871 は（株）アシュレ名義のため不採用
C000013,Ｋｅｙ Ｅｎｔｒａｎｃｅ（株）,06-6131-8897,高,https://keyentrance.com/cms/shop,公式サイト・全日（ラビーネット）とも同番号。本社は大阪市天王寺区堂ヶ芝2-13-2（リストの吹田市と不一致）。吹田店は未確認。FAX 06-6131-7997
C000014,（株）成都管理サービス,06-4865-5150,高,https://www.seito-kanri-service.com/company/,公式サイト会社概要のスニペット。本社は豊中市岡上の町3-7-1 TAOビル6F（リストの池田市と不一致）。MONTHLY LIFE窓口 06-4867-4977
C000015,パナソニックホームズグループ,06-6834-3816,中,https://www.rakumachi.jp/ooyasan/company/29793/17175/show.html,パナソニックホームズ不動産（株）賃貸管理部門（新千里西町1-1-4）。楽待・Yahoo!マップのスニペット。パナソニック ホームズ（株）本社代表は 06-6834-5111（マピオン）
C000016,平山住研（株）,06-6150-0888,高,https://www.hirajyu.co.jp/contact.html,公式サイトのスニペット。本社は大阪市淀川区東三国5-2-9（リストの豊中市と不一致）。豊中拠点は未確認。FAX 06-6150-0777
C000017,服部ライフサポート株式会社,06-6862-7000,中,https://www.mapion.co.jp/phonebook/M21002/27203/22730309619/,本社（豊中市服部寿町2-17-20）のマピオン掲載番号。服部店 06-6864-3511、別掲 06-6862-7890。公式 hattori-ls.com のスニペットには番号なし
C000018,株式会社三共ハウステック,06-6333-6004,中,https://townpage.goo.ne.jp/shopdetail.php?matomeid=270014302300000899,gooタウンページで「代表」表記。建設マップ会社概要も同番号。本社 豊中市北条町2-6-1
C000019,生和アメニティ（株）,06-6744-0187,高,https://www.seiwa-amenity.jp/company/outline/,公式サイト会社概要のスニペット。本社は東大阪市長田東3-1-25（リストの豊中市と不一致）。豊中拠点は未確認。フリーダイヤル 0120-7188-24、別掲 06-6442-7010（拠点不明）
C000020,（株）恒和殖産,06-4797-4774,高,https://apamanshop.info/company/,公式（アパマンショップ福島店）会社概要のスニペット。所在地 大阪市福島区福島7-14-18（リストの豊中市と不一致）。豊中拠点は未確認。FAX 06-4797-4780
C000021,（株）ＥＡＳＴコーポレーション,072-822-9999,高,https://www.east-net.jp/company/,公式サイトのスニペット。「代表」表記なし: ホームメイトFC寝屋川店 072-822-9999／守口大日店 06-6907-6999。豊中市の拠点は未確認（リストと不一致）
