取引先ID,事業,会社名,業種,都道府県,市区町村,住所,決裁者役職,決裁者氏名,電話,メール,LINE,Instagram,X,URL,紹介元,ステージ,優先度,連絡NG,反社チェック日,リスト出所,取込日,最終接触日,次アクション,次アクション期限,メモ,重複キー,電話確度,電話出所,電話検索日,電話メモ,担当者名,担当者役職,受付突破メモ,最終通話日,最終通話結果,コール回数,次回架電可日,電話NG時間帯,NG理由,配送業者顧客,失注理由
C000001,清掃,でゅお不動産株式会社,管理会社,大阪府,吹田市,吹田市千里山東1-19-18,,,06-6338-0700,,,,,,,未接触,高,FALSE,,業界団体名簿,2026-09-12,,,,全国賃貸住宅新聞 全国管理会社データブック（大阪府） / 全国賃貸住宅新聞 全国管理会社データブック（大阪府） / 〒565-0842 / 電話確度:高 / 公式サイト会社紹介のスニペット。FAX 06-6338-0751。ハトマーク・不動産ジャパンも同番号,でゅお不動産,高,WebSearch 2026-09-30,2026-09-30,,,,,,,,,,,,
C000002,清掃,エーピーエム（株）,管理会社,大阪府,吹田市,大阪府吹田市江の木町1-38西谷東急ビル,,,06-6821-2225,,,,,https://www.apm01.jp,,未接触,高,FALSE,,業界団体名簿,2026-09-12,,,,JPM大阪府支部 正会員一覧 / 〒564-0053 / 電話確度:高 / 公式サイトCOMPANYのスニペット。FAX 06-6821-2230。所在地 吹田市金田町28-12,エーピーエム,高,WebSearch 2026-09-30,2026-09-30,,,,,,,,,,,,
C000003,清掃,ユニヴ・ライフ（株）,管理会社,大阪府,吹田市,大阪府吹田市広芝町10-8江坂董友ビル1階,,,06-6310-3303,,,,,https://www.univlife.co.jp,,未接触,高,FALSE,,業界団体名簿,2026-09-12,,,,JPM大阪府支部 正会員一覧 / 〒564-0052 / 電話確度:高 / 本店（吹田市佐井寺4-43-8）。部門別番号あり: 06-6310-3536 / 06-6310-8686 / 06-6338-7713、フリーダイヤル 0120-107-001,ユニヴ・ライフ,高,WebSearch 2026-09-30,2026-09-30,,,,,,,,,,,,
C000004,清掃,旭中央株式会社,管理会社,大阪府,吹田市,吹田市江坂町1丁目23番43号ファサード江坂ビル6階,,,06-6337-3831,,,,,,,未接触,高,FALSE,,業界団体名簿,2026-09-12,,,,全国賃貸住宅新聞 全国管理会社データブック（大阪府） / 全国賃貸住宅新聞 全国管理会社データブック（大阪府） / 〒564-0063 / 電話確度:高 / 会社案内・宅建協会で「代表」表記。FAX 06-6337-3829。マピオンでは建物管理部・業務部 06-6337-3831／総務部 06-6337-3837,旭中央,高,WebSearch 2026-09-30,2026-09-30,,,,,,,,,,,,
C000005,清掃,株式会社サンキ,管理会社,大阪府,吹田市,吹田市樫切山2-19,,,06-6876-3618,,,,,,,未接触,高,FALSE,,業界団体名簿,2026-09-12,,,,全国賃貸住宅新聞 全国管理会社データブック（大阪府） / 全国賃貸住宅新聞 全国管理会社データブック（大阪府） / 〒565-0806 / 電話確度:高 / 公式会社案内・gooタウンページ（代表表記）とも同番号。FAX 06-6876-7323。別サイトに 06-6816-7161 の記載あり（未確認）,サンキ,高,WebSearch 2026-09-30,2026-09-30,,,,,,,,,,,,
C000006,清掃,（株）アイ・ディー・シー,管理会社,大阪府,吹田市,大阪府吹田市広芝町10-35江坂南口第二ビル6F,,,06-6190-5011,,,,,https://www.id-com.co.jp,,未接触,高,FALSE,,業界団体名簿,2026-09-12,,,,JPM大阪府支部 正会員一覧 / 〒564-0052 / 電話確度:高 / 公式サイト会社案内のスニペット。FAX 06-6190-5022。所在地 吹田市広芝町10-35 江坂南口第2ビル6F,アイ・ディー・シー,高,WebSearch 2026-09-30,2026-09-30,,,,,,,,,,,,
C000007,清掃,（株）エルプラス,管理会社,大阪府,吹田市,大阪府吹田市江の木町1-38西谷東急ビル9F,,,06-6378-5333,,,,,,,未接触,高,FALSE,,業界団体名簿,2026-09-12,,,,JPM大阪府支部 正会員一覧 / 〒564-0053 / 電話確度:中 / 大阪府宅建協会・ハトマークのスニペット。FAX 06-6378-5300。公式 el-plus.co.jp のスニペットには番号なし。堺市南区に同名別会社あり（混同注意）,エルプラス,中,WebSearch 2026-09-30,2026-09-30,,,,,,,,,,,,
C000008,清掃,（株）ストライド,管理会社,大阪府,吹田市,大阪府吹田市豊津町17番5号,,,06-6201-0777,,,,,https://stride-inc.jp,,未接触,高,FALSE,,業界団体名簿,2026-09-12,,,,JPM大阪府支部 正会員一覧 / 〒564-0051 / 電話確度:高 / 公式サイトのスニペット。ただし登記所在地は大阪市中央区瓦町4-4-8（リストの吹田市と不一致）。吹田拠点は未確認,ストライド,高,WebSearch 2026-09-30,2026-09-30,,,,,,,,,,,,
C000009,清掃,（株）ベストサービス,管理会社,大阪府,吹田市,大阪府吹田市江坂町2丁目2ー9紙谷第7ビル6F,,,072-260-9792,,,,,https://www.best-service.info,,未接触,高,FALSE,,業界団体名簿,2026-09-12,,,,JPM大阪府支部 正会員一覧 / 〒564-0063 / 電話確度:高 / 公式サイト会社案内・宅建協会とも同番号。本社は堺市堺区出島海岸通1-9-1（リストの吹田市と不一致）。吹田拠点は未確認。FAX 072-260-9793,ベストサービス,高,WebSearch 2026-09-30,2026-09-30,,,,,,,,,,,,
C000010,清掃,（株）ライフ不動産,管理会社,大阪府,吹田市,大阪府吹田市佐井寺4丁目43番8号,,,06-6722-0099,,,,,https://www.life-kanri.co.jp,,未接触,高,FALSE,,業界団体名簿,2026-09-12,,,,JPM大阪府支部 正会員一覧 / 〒565-0836 / 電話確度:高 / 公式サイト会社概要のスニペット。本社は東大阪市小阪本町1-2-17（リストの吹田市と不一致）。吹田拠点は未確認,ライフ不動産,高,WebSearch 2026-09-30,2026-09-30,,,,,,,,,,,,
C000011,清掃,（株）大阪ガスファシリティーズ,管理会社,大阪府,吹田市,大阪府吹田市金田町28-12,,,06-6978-5850,,,,,https://www.ogfa.co.jp,,未接触,高,FALSE,,業界団体名簿,2026-09-12,,,,JPM大阪府支部 正会員一覧 / 〒564-0045 / 電話確度:高 / 本社代表（大阪市東成区中道1-4-2）。賃貸マンション窓口 0120-210-367。公式事業拠点ページに吹田市の拠点記載ありだが番号はスニペット未掲載,大阪ガスファシリティーズ,高,WebSearch 2026-09-30,2026-09-30,,,,,,,,,,,,
C000012,清掃,（株）ＳＫ不動産,管理会社,大阪府,吹田市,大阪府吹田市垂水町3丁目30-13,,,,,,,,https://www.e-net.or.jp,,未接触,高,FALSE,,業界団体名簿,2026-09-12,,,,JPM大阪府支部 正会員一覧 / 〒564-0062 / 電話未取得: 未取得。日管協会員一覧に吹田市垂水町3-30-13の所在地記載のみで番号なし。リストの e-net.or.jp は三重県名張市の同名別会社（不採用）。近隣で出た 06-6330-8871 は（株）アシュレ名義のため不採用,SK不動産,,,,,,,,,,,,,,,
C000013,清掃,Ｋｅｙ　Ｅｎｔｒａｎｃｅ（株）,管理会社,大阪府,吹田市,大阪府吹田市千里山西1丁目35-43,,,06-6131-8897,,,,,https://keyentrance.com,,未接触,高,FALSE,,業界団体名簿,2026-09-12,,,,JPM大阪府支部 正会員一覧 / 〒565-0851 / 電話確度:高 / 公式サイト・全日（ラビーネット）とも同番号。本社は大阪市天王寺区堂ヶ芝2-13-2（リストの吹田市と不一致）。吹田店は未確認。FAX 06-6131-7997,KeyEntrance,高,WebSearch 2026-09-30,2026-09-30,,,,,,,,,,,,
C000014,清掃,（株）成都管理サービス,管理会社,大阪府,池田市,大阪府池田市石橋3丁目2-1大空第一ビル101,,,06-4865-5150,,,,,https://www.seito-kanri-service.com,,未接触,高,FALSE,,業界団体名簿,2026-09-12,,,,JPM大阪府支部 正会員一覧 / 〒563-0032 / 電話確度:高 / 公式サイト会社概要のスニペット。本社は豊中市岡上の町3-7-1 TAOビル6F（リストの池田市と不一致）。MONTHLY LIFE窓口 06-4867-4977,成都管理サービス,高,WebSearch 2026-09-30,2026-09-30,,,,,,,,,,,,
C000015,清掃,パナソニックホームズグループ,管理会社,大阪府,豊中市,豊中市新千里西町1-1-4 10F,,,06-6834-3816,,,,,,,未接触,高,FALSE,,業界団体名簿,2026-09-12,,,,全国賃貸住宅新聞 全国管理会社データブック（大阪府） / 全国賃貸住宅新聞 全国管理会社データブック（大阪府） / 〒560-8543 / 電話確度:中 / パナソニックホームズ不動産（株）賃貸管理部門（新千里西町1-1-4）。楽待・Yahoo!マップのスニペット。パナソニック ホームズ（株）本社代表は 06-6834-5111（マピオン）,パナソニックホームズグループ,中,WebSearch 2026-09-30,2026-09-30,,,,,,,,,,,,
C000016,清掃,平山住研（株）,管理会社,大阪府,豊中市,大阪府豊中市新千里西町1丁目1-4,,,06-6150-0888,,,,,https://www.hirajyu.co.jp,,未接触,高,FALSE,,業界団体名簿,2026-09-12,,,,JPM大阪府支部 正会員一覧 / 〒560-0083 / 電話確度:高 / 公式サイトのスニペット。本社は大阪市淀川区東三国5-2-9（リストの豊中市と不一致）。豊中拠点は未確認。FAX 06-6150-0777,平山住研,高,WebSearch 2026-09-30,2026-09-30,,,,,,,,,,,,
C000017,清掃,服部ライフサポート株式会社,管理会社,大阪府,豊中市,豊中市服部寿町2丁目17番20号,,,06-6862-7000,,,,,,,未接触,高,FALSE,,業界団体名簿,2026-09-12,,,,全国賃貸住宅新聞 全国管理会社データブック（大阪府） / 全国賃貸住宅新聞 全国管理会社データブック（大阪府） / 〒561-0857 / 電話確度:中 / 本社（豊中市服部寿町2-17-20）のマピオン掲載番号。服部店 06-6864-3511、別掲 06-6862-7890。公式 hattori-ls.com のスニペットには番号なし,服部ライフサポート,中,WebSearch 2026-09-30,2026-09-30,,,,,,,,,,,,
C000018,清掃,株式会社三共ハウステック,管理会社,大阪府,豊中市,豊中市北条町2丁目6番1号,,,06-6333-6004,,,,,,,未接触,高,FALSE,,業界団体名簿,2026-09-12,,,,全国賃貸住宅新聞 全国管理会社データブック（大阪府） / 全国賃貸住宅新聞 全国管理会社データブック（大阪府） / 〒561-0812 / 電話確度:中 / gooタウンページで「代表」表記。建設マップ会社概要も同番号。本社 豊中市北条町2-6-1,三共ハウステック,中,WebSearch 2026-09-30,2026-09-30,,,,,,,,,,,,
C000019,清掃,生和アメニティ（株）,管理会社,大阪府,豊中市,大阪府豊中市岡上の町3丁目7-1TAOビルディング6F,,,06-6744-0187,,,,,https://www.seiwa-amenity.jp,,未接触,高,FALSE,,業界団体名簿,2026-09-12,,,,JPM大阪府支部 正会員一覧 / 〒560-0023 / 電話確度:高 / 公式サイト会社概要のスニペット。本社は東大阪市長田東3-1-25（リストの豊中市と不一致）。豊中拠点は未確認。フリーダイヤル 0120-7188-24、別掲 06-6442-7010（拠点不明）,生和アメニティ,高,WebSearch 2026-09-30,2026-09-30,,,,,,,,,,,,
C000020,清掃,（株）恒和殖産,管理会社,大阪府,豊中市,大阪府豊中市東豊中町4丁目1-16,,,06-4797-4774,,,,,https://apamanshop.info,,未接触,高,FALSE,,業界団体名簿,2026-09-12,,,,JPM大阪府支部 正会員一覧 / 〒560-0003 / 電話確度:高 / 公式（アパマンショップ福島店）会社概要のスニペット。所在地 大阪市福島区福島7-14-18（リストの豊中市と不一致）。豊中拠点は未確認。FAX 06-4797-4780,恒和殖産,高,WebSearch 2026-09-30,2026-09-30,,,,,,,,,,,,
C000021,清掃,（株）ＥＡＳＴコーポレーション,管理会社,大阪府,豊中市,大阪府豊中市中桜塚4丁目13ー13,,,072-822-9999,,,,,https://www.east-net.jp,,未接触,高,FALSE,,業界団体名簿,2026-09-12,,,,JPM大阪府支部 正会員一覧 / 〒561-0881 / 電話確度:高 / 公式サイトのスニペット。「代表」表記なし: ホームメイトFC寝屋川店 072-822-9999／守口大日店 06-6907-6999。豊中市の拠点は未確認（リストと不一致）,EASTコーポレーション,高,WebSearch 2026-09-30,2026-09-30,,,,,,,,,,,,
C000022,清掃,アセットテクノロジー（株）,管理会社,大阪府,大阪市北区,大阪府大阪市北区浪花町12-24赤坂天六ビル8F,,,,,,,,https://assettech.co.jp,,未接触,中,FALSE,,業界団体名簿,2026-09-12,,,,JPM大阪府支部 正会員一覧 / 〒530-0022,アセットテクノロジー,,,,,,,,,,,,,,,
C000023,清掃,イーカンパニー（株）,管理会社,大阪府,大阪市北区,大阪府大阪市北区天満4丁目9-13CASA Asteria tenma2F,,,,,,,,,,未接触,中,FALSE,,業界団体名簿,2026-09-12,,,,JPM大阪府支部 正会員一覧 / 〒530-0043,イーカンパニー,,,,,,,,,,,,,,,
C000024,清掃,エスリード賃貸（株）,管理会社,大阪府,大阪市北区,大阪府大阪市北区西天満2丁目6-8堂島ビル2F,,,,,,,,https://www.eslead-chintai.co.jp,,未接触,中,FALSE,,業界団体名簿,2026-09-12,,,,JPM大阪府支部 正会員一覧 / 〒530-0047,エスリード賃貸,,,,,,,,,,,,,,,
C000025,清掃,ダイアログ（株）,管理会社,大阪府,大阪市北区,大阪府大阪市北区天満2丁目1-12天満橋SEビル3階,,,,,,,,https://dialog14.co.jp,,未接触,中,FALSE,,業界団体名簿,2026-09-12,,,,JPM大阪府支部 正会員一覧 / 〒530-0043,ダイアログ,,,,,,,,,,,,,,,
C000026,清掃,モンステラ（株）,管理会社,大阪府,大阪市北区,大阪府大阪市北区西天満2丁目8-5西天満大治ビル2F,,,,,,,,https://kanrisu.space,,未接触,中,FALSE,,業界団体名簿,2026-09-12,,,,JPM大阪府支部 正会員一覧 / 〒530-0047,モンステラ,,,,,,,,,,,,,,,
C000027,清掃,リップル興産（株）,管理会社,大阪府,大阪市北区,大阪府大阪市北区梅田1丁目3-1大阪駅前第一ビル5階,,,,,,,,https://www.ripplu.jp,,未接触,中,FALSE,,業界団体名簿,2026-09-12,,,,JPM大阪府支部 正会員一覧 / 〒530-0001,リップル興産,,,,,,,,,,,,,,,
C000028,清掃,新興ビルサービス（株）,管理会社,大阪府,大阪市北区,大阪府大阪市北区天神橋3丁目2-8,,,,,,,,https://shinko-e.com,,未接触,中,FALSE,,業界団体名簿,2026-09-12,,,,JPM大阪府支部 正会員一覧 / 〒530-0041,新興ビルサービス,,,,,,,,,,,,,,,
C000029,清掃,日本住宅流通株式会社,管理会社,大阪府,大阪市北区,大阪市北区梅田1-1-3-800大阪駅前第3ビル8階,,,,,,,,,,未接触,中,FALSE,,業界団体名簿,2026-09-12,,,,全国賃貸住宅新聞 全国管理会社データブック（大阪府） / 全国賃貸住宅新聞 全国管理会社データブック（大阪府） / 〒530-0001,日本住宅流通,,,,,,,,,,,,,,,
C000030,清掃,東商ハウス株式会社,管理会社,大阪府,大阪市北区,大阪市北区梅田1-3-100,,,,,,,,,,未接触,中,FALSE,,業界団体名簿,2026-09-12,,,,全国賃貸住宅新聞 全国管理会社データブック（大阪府） / 全国賃貸住宅新聞 全国管理会社データブック（大阪府） / 〒561-0872,東商ハウス,,,,,,,,,,,,,,,
C000031,清掃,池屋住宅（株）,管理会社,大阪府,大阪市北区,大阪府大阪市北区中崎西4丁目3-32ARCA梅田ビル3F,,,,,,,,https://www.ikeyanet.co.jp,,未接触,中,FALSE,,業界団体名簿,2026-09-12,,,,JPM大阪府支部 正会員一覧 / 〒530-0015,池屋住宅,,,,,,,,,,,,,,,
C000032,清掃,積水ハウスグループ,管理会社,大阪府,大阪市北区,大阪市北区大淀中1丁目1-88梅田スカイビルタワーイースト,,,,,,,,,,未接触,中,FALSE,,業界団体名簿,2026-09-12,,,,全国賃貸住宅新聞 全国管理会社データブック（大阪府） / 全国賃貸住宅新聞 全国管理会社データブック（大阪府） / 〒531-0076,積水ハウスグループ,,,,,,,,,,,,,,,
C000033,清掃,馬場ハウス工業（株）,管理会社,大阪府,大阪市北区,大阪府大阪市北区芝田1丁目1-4阪急ターミナルビル14階,,,,,,,,https://www.baba-house.com,,未接触,中,FALSE,,業界団体名簿,2026-09-12,,,,JPM大阪府支部 正会員一覧 / 〒530-0012,馬場ハウス工業,,,,,,,,,,,,,,,
C000034,清掃,（有）メリーグロー,管理会社,大阪府,大阪市北区,大阪府大阪市北区梅田2丁目1-3桜橋御幸ビル12階,,,,,,,,https://www.merrygrow.co.jp,,未接触,中,FALSE,,業界団体名簿,2026-09-12,,,,JPM大阪府支部 正会員一覧 / 〒530-0001,メリーグロー,,,,,,,,,,,,,,,
C000035,清掃,（有）野島商事,管理会社,大阪府,大阪市北区,大阪府大阪市北区豊崎3丁目19-3ピアスタワー14階,,,,,,,,https://www.koueishouji.com,,未接触,中,FALSE,,業界団体名簿,2026-09-12,,,,JPM大阪府支部 正会員一覧 / 〒531-0072,野島商事,,,,,,,,,,,,,,,
C000036,清掃,（株）きずな,管理会社,大阪府,大阪市北区,大阪府大阪市北区中之島3丁目3-23,,,,,,,,https://kizuna-inc.co.jp,,未接触,中,FALSE,,業界団体名簿,2026-09-12,,,,JPM大阪府支部 正会員一覧 / 〒530-0005,きずな,,,,,,,,,,,,,,,
C000037,清掃,（株）アフロ,管理会社,大阪府,大阪市北区,大阪府大阪市北区中津1丁目11-1中津センタービル9階,,,,,,,,https://www.aflo-net.com,,未接触,中,FALSE,,業界団体名簿,2026-09-12,,,,JPM大阪府支部 正会員一覧 / 〒531-0071,アフロ,,,,,,,,,,,,,,,
C000038,清掃,（株）インベスターズジャパン,管理会社,大阪府,大阪市北区,大阪府大阪市北区浪花町10ー14メゾン・ド・ゴトウ1階,,,,,,,,https://investorsjapan.com,,未接触,中,FALSE,,業界団体名簿,2026-09-12,,,,JPM大阪府支部 正会員一覧 / 〒530-0022,インベスターズジャパン,,,,,,,,,,,,,,,
C000039,清掃,（株）エスティライフ,管理会社,大阪府,大阪市北区,大阪府大阪市北区紅梅町1-18エルゴ1F,,,,,,,,https://www.estylife.com,,未接触,中,FALSE,,業界団体名簿,2026-09-12,,,,JPM大阪府支部 正会員一覧 / 〒530-0038,エスティライフ,,,,,,,,,,,,,,,
C000040,清掃,（株）エステムプランニング,管理会社,大阪府,大阪市北区,大阪府大阪市北区西天満5丁目2ー18三共ビル東館4階,,,,,,,,https://www.estem-p.co.jp,,未接触,中,FALSE,,業界団体名簿,2026-09-12,,,,JPM大阪府支部 正会員一覧 / 〒530-0047,エステムプランニング,,,,,,,,,,,,,,,
C000041,清掃,（株）エヌアンドエスファシリティ,管理会社,大阪府,大阪市北区,大阪府大阪市北区大淀南1丁目5-1ケイヒン梅田ビル,,,,,,,,,,未接触,中,FALSE,,業界団体名簿,2026-09-12,,,,JPM大阪府支部 正会員一覧 / 〒531-0075,エヌアンドエスファシリティ,,,,,,,,,,,,,,,
C000042,清掃,（株）サンエース,管理会社,大阪府,大阪市北区,大阪府大阪市北区大淀南1丁目9-10,,,,,,,,https://www.sar.co.jp,,未接触,中,FALSE,,業界団体名簿,2026-09-12,,,,JPM大阪府支部 正会員一覧 / 〒531-0075,サンエース,,,,,,,,,,,,,,,
C000043,清掃,（株）サンプロシード,管理会社,大阪府,大阪市北区,大阪府大阪市北区梅田1丁目2ー2-1400大阪駅前第2ビル,,,,,,,,https://www.s-proceed.co.jp,,未接触,中,FALSE,,業界団体名簿,2026-09-12,,,,JPM大阪府支部 正会員一覧 / 〒530-0001,サンプロシード,,,,,,,,,,,,,,,
C000044,清掃,（株）ダイワライセット,管理会社,大阪府,大阪市北区,大阪府大阪市北区梅田3丁目3ー5大和ハウス大阪ビル8階,,,,,,,,https://daiwa-l.jp,,未接触,中,FALSE,,業界団体名簿,2026-09-12,,,,JPM大阪府支部 正会員一覧 / 〒530-0001,ダイワライセット,,,,,,,,,,,,,,,
C000045,清掃,（株）ブライトエステート,管理会社,大阪府,大阪市北区,大阪府大阪市北区天満3丁目8-1FH天満ビル,,,,,,,,https://bright-estate.co.jp,,未接触,中,FALSE,,業界団体名簿,2026-09-12,,,,JPM大阪府支部 正会員一覧 / 〒530-0043,ブライトエステート,,,,,,,,,,,,,,,
C000046,清掃,（株）仲みらい,管理会社,大阪府,大阪市北区,大阪府大阪市北区堂島1丁目6-20堂島アバンザ10階,,,,,,,,https://nakamirai.jp,,未接触,中,FALSE,,業界団体名簿,2026-09-12,,,,JPM大阪府支部 正会員一覧 / 〒530-0003,仲みらい,,,,,,,,,,,,,,,
C000047,清掃,（株）明星,管理会社,大阪府,大阪市北区,大阪府大阪市北区鶴野町3-23,,,,,,,,https://www.meisei.org,,未接触,中,FALSE,,業界団体名簿,2026-09-12,,,,JPM大阪府支部 正会員一覧 / 〒530-0014,明星,,,,,,,,,,,,,,,
C000048,清掃,（株）ＬＩＮＯＡ,管理会社,大阪府,大阪市北区,大阪府大阪市北区堂山町3-3日本生命梅田ビル10階,,,,,,,,,,未接触,中,FALSE,,業界団体名簿,2026-09-12,,,,JPM大阪府支部 正会員一覧 / 〒530-0027,LINOA,,,,,,,,,,,,,,,
C000049,清掃,（株）Ｒ－ＪＡＰＡＮ,管理会社,大阪府,大阪市北区,大阪府大阪市北区浪花町12-24赤坂天六ビル8F,,,,,,,,https://r-japan.co.jp,,未接触,中,FALSE,,業界団体名簿,2026-09-12,,,,JPM大阪府支部 正会員一覧 / 〒530-0022,R-JAPAN,,,,,,,,,,,,,,,
C000050,清掃,（株）ＳＥＶＥＮ,管理会社,大阪府,大阪市北区,大阪府大阪市北区大淀中1丁目1-30梅田スカイビルタワーウエスト25階,,,,,,,,,,未接触,中,FALSE,,業界団体名簿,2026-09-12,,,,JPM大阪府支部 正会員一覧 / 〒531-6125,SEVEN,,,,,,,,,,,,,,,
C000051,清掃,ＪＲ西日本住宅サービス（株）,管理会社,大阪府,大阪市北区,大阪府大阪市北区浪花町1-19新興ビル,,,,,,,,,,未接触,中,FALSE,,業界団体名簿,2026-09-12,,,,JPM大阪府支部 正会員一覧 / 〒530-0022,JR西日本住宅サービス,,,,,,,,,,,,,,,
C000052,清掃,有限会社アットハウジング,管理会社,大阪府,大阪市東淀川区,大阪市東淀川区豊新3-5-27,,,,,,,,,,未接触,中,FALSE,,業界団体名簿,2026-09-12,,,,全国賃貸住宅新聞 全国管理会社データブック（大阪府） / 全国賃貸住宅新聞 全国管理会社データブック（大阪府） / 〒533-0014,アットハウジング,,,,,,,,,,,,,,,
C000053,清掃,（株）レンタルハウス南大阪,管理会社,大阪府,大阪市東淀川区,大阪府大阪市東淀川区豊里2丁目25-8プール・トゥジュール ラ フルーレ オフィス棟2F,,,,,,,,https://www.rh-minamiosaka.co.jp,,未接触,中,FALSE,,業界団体名簿,2026-09-12,,,,JPM大阪府支部 正会員一覧 / 〒533-0013,レンタルハウス南大阪,,,,,,,,,,,,,,,
C000054,清掃,グリーン・ルーム（株）,管理会社,大阪府,大阪市淀川区,大阪府大阪市淀川区西中島5丁目11-19キムラビル4F,,,,,,,,https://www.green-room-inc.co.jp,,未接触,中,FALSE,,業界団体名簿,2026-09-12,,,,JPM大阪府支部 正会員一覧 / 〒532-0011,グリーン・ルーム,,,,,,,,,,,,,,,
C000055,清掃,三成建設株式会社,管理会社,大阪府,大阪市淀川区,大阪市淀川区木川西3-4-25,,,,,,,,,,未接触,中,FALSE,,業界団体名簿,2026-09-12,,,,全国賃貸住宅新聞 全国管理会社データブック（大阪府） / 全国賃貸住宅新聞 全国管理会社データブック（大阪府） / 〒532-0013,三成建設,,,,,,,,,,,,,,,
C000056,清掃,大和ハウスリアルエステート（株）,管理会社,大阪府,大阪市淀川区,大阪府大阪市淀川区西中島3丁目5-9西中島NTビル7F,,,,,,,,https://www.dh-realestate.co.jp,,未接触,中,FALSE,,業界団体名簿,2026-09-12,,,,JPM大阪府支部 正会員一覧 / 〒532-0011,大和ハウスリアルエステート,,,,,,,,,,,,,,,
C000057,清掃,江坂リアルティ（株）,管理会社,大阪府,大阪市淀川区,大阪府大阪市淀川区宮原1丁目1-38,,,,,,,,https://www.esaka-realty.com,,未接触,中,FALSE,,業界団体名簿,2026-09-12,,,,JPM大阪府支部 正会員一覧 / 〒532-0003,江坂リアルティ,,,,,,,,,,,,,,,
C000058,清掃,（有）レント管理,管理会社,大阪府,大阪市淀川区,大阪府大阪市淀川区西中島5丁目7-14,,,,,,,,https://www.rentkanri.com,,未接触,中,FALSE,,業界団体名簿,2026-09-12,,,,JPM大阪府支部 正会員一覧 / 〒532-0011,レント管理,,,,,,,,,,,,,,,
C000059,清掃,（株）アズ・スタット,管理会社,大阪府,大阪市淀川区,大阪府大阪市淀川区東三国2丁目37-3,,,,,,,,https://www.az-stat.com,,未接触,中,FALSE,,業界団体名簿,2026-09-12,,,,JPM大阪府支部 正会員一覧 / 〒532-0002,アズ・スタット,,,,,,,,,,,,,,,
C000060,清掃,（株）インベストメントエージェント,管理会社,大阪府,大阪市淀川区,大阪府大阪市淀川区東三国2丁目19-14パークス東三国1F,,,,,,,,https://investmentagent.co.jp,,未接触,中,FALSE,,業界団体名簿,2026-09-12,,,,JPM大阪府支部 正会員一覧 / 〒532-0002,インベストメントエージェント,,,,,,,,,,,,,,,
C000061,清掃,（株）タスシステム,管理会社,大阪府,大阪市淀川区,大阪府大阪市淀川区西中島4丁目3-21NLCセントラルビル404,,,,,,,,https://www.tassystem.net,,未接触,中,FALSE,,業界団体名簿,2026-09-12,,,,JPM大阪府支部 正会員一覧 / 〒532-0011,タスシステム,,,,,,,,,,,,,,,
C000062,清掃,（株）ファイブ管理,管理会社,大阪府,大阪市淀川区,大阪府大阪市淀川区東三国5丁目2-9,,,,,,,,https://5kanri.com,,未接触,中,FALSE,,業界団体名簿,2026-09-12,,,,JPM大阪府支部 正会員一覧 / 〒532-0002,ファイブ管理,,,,,,,,,,,,,,,
C000063,清掃,（株）プラネットコーポレーション,管理会社,大阪府,大阪市淀川区,大阪府大阪市淀川区西中島5丁目5-15新大阪セントラルタワー南館5階,,,,,,,,https://www.planet-cp.com,,未接触,中,FALSE,,業界団体名簿,2026-09-12,,,,JPM大阪府支部 正会員一覧 / 〒532-0011,プラネットコーポレーション,,,,,,,,,,,,,,,
C000064,清掃,（株）ＪＳＣ,管理会社,大阪府,大阪市淀川区,大阪府大阪市淀川区宮原3丁目5-24新大阪第一生命ビルディング5階,,,,,,,,https://jsc-kanri.com,,未接触,中,FALSE,,業界団体名簿,2026-09-12,,,,JPM大阪府支部 正会員一覧 / 〒532-0003,JSC,,,,,,,,,,,,,,,
C000065,清掃,（株）Ｔ’ｓマネジメント,管理会社,大阪府,大阪市淀川区,大阪府大阪市淀川区東三国5丁目7-4オークエスト2F,,,,,,,,https://ts-management-co.com,,未接触,中,FALSE,,業界団体名簿,2026-09-12,,,,JPM大阪府支部 正会員一覧 / 〒532-0002,T’sマネジメント,,,,,,,,,,,,,,,
C000066,清掃,（株）ＴＡＫＵＴＯ,管理会社,大阪府,大阪市淀川区,大阪府大阪市淀川区新北野1丁目2-13明治安田生命十三ビル,,,,,,,,https://www.takuto-group.com,,未接触,中,FALSE,,業界団体名簿,2026-09-12,,,,JPM大阪府支部 正会員一覧 / 〒532-0025,TAKUTO,,,,,,,,,,,,,,,
C000067,清掃,生和コーポレーション株式会社,管理会社,大阪府,大阪市福島区,大阪市福島区福島5-8-1,,,,,,,,,,未接触,中,FALSE,,業界団体名簿,2026-09-12,,,,全国賃貸住宅新聞 全国管理会社データブック（大阪府） / 全国賃貸住宅新聞 全国管理会社データブック（大阪府） / 〒664-0851,生和コーポレーション,,,,,,,,,,,,,,,
C000068,清掃,（株）コスモ,管理会社,大阪府,大阪市福島区,大阪府大阪市福島区福島7丁目14-18,,,,,,,,https://www.homemate-keihan.com,,未接触,中,FALSE,,業界団体名簿,2026-09-12,,,,JPM大阪府支部 正会員一覧 / 〒553-0003,コスモ,,,,,,,,,,,,,,,
C000069,清掃,相互不動産（株）,管理会社,大阪府,大阪市都島区,大阪府大阪市都島区片町1丁目5-13大手前センチュリービル9F,,,,,,,,https://www.sogo2103.com,,未接触,中,FALSE,,業界団体名簿,2026-09-12,,,,JPM大阪府支部 正会員一覧 / 〒534-0025,相互不動産,,,,,,,,,,,,,,,
C000070,清掃,髙松エステート（株）,管理会社,大阪府,大阪市都島区,大阪府大阪市都島区都島本通1丁目4-20,,,,,,,,https://www.takamatsuestate.jp,,未接触,中,FALSE,,業界団体名簿,2026-09-12,,,,JPM大阪府支部 正会員一覧 / 〒534-0021,髙松エステート,,,,,,,,,,,,,,,
C000071,清掃,協同グループ,管理会社,大阪府,摂津市,摂津市千里丘東3-7-27,,,,,,,,,,未接触,中,FALSE,,業界団体名簿,2026-09-12,,,,全国賃貸住宅新聞 全国管理会社データブック（大阪府） / 全国賃貸住宅新聞 全国管理会社データブック（大阪府） / 〒566-0011,協同グループ,,,,,,,,,,,,,,,
C000072,清掃,総和建設（株）,管理会社,大阪府,摂津市,大阪府摂津市千里丘東2丁目10-1,,,,,,,,https://www.2ways.co.jp,,未接触,中,FALSE,,業界団体名簿,2026-09-12,,,,JPM大阪府支部 正会員一覧 / 〒566-0011,総和建設,,,,,,,,,,,,,,,
C000073,清掃,レント建物管理（有）,管理会社,大阪府,茨木市,大阪府茨木市舟木町3-6,,,,,,,,https://www.r-tk.com,,未接触,中,FALSE,,業界団体名簿,2026-09-12,,,,JPM大阪府支部 正会員一覧 / 〒567-0828,レント建物管理,,,,,,,,,,,,,,,
C000074,清掃,株式会社オノデラ建設,管理会社,大阪府,茨木市,茨木市小柳町10-17,,,,,,,,,,未接触,中,FALSE,,業界団体名簿,2026-09-12,,,,全国賃貸住宅新聞 全国管理会社データブック（大阪府） / 全国賃貸住宅新聞 全国管理会社データブック（大阪府） / 〒567-0852,オノデラ建設,,,,,,,,,,,,,,,
C000075,清掃,株式会社光徳,管理会社,大阪府,茨木市,茨木市駅前4-1-23,,,,,,,,,,未接触,中,FALSE,,業界団体名簿,2026-09-12,,,,全国賃貸住宅新聞 全国管理会社データブック（大阪府） / 全国賃貸住宅新聞 全国管理会社データブック（大阪府） / 〒567-0888,光徳,,,,,,,,,,,,,,,
C000076,清掃,（株）センチュリーダイソー,管理会社,大阪府,茨木市,大阪府茨木市若園町35-9ー503,,,,,,,,https://www.century-daiso.jp,,未接触,中,FALSE,,業界団体名簿,2026-09-12,,,,JPM大阪府支部 正会員一覧 / 〒567-0894,センチュリーダイソー,,,,,,,,,,,,,,,
C000077,清掃,（株）ラックハウジング,管理会社,大阪府,茨木市,大阪府茨木市双葉町4-15ホワイトボックス2階,,,,,,,,https://www.luckhousing.info,,未接触,中,FALSE,,業界団体名簿,2026-09-12,,,,JPM大阪府支部 正会員一覧 / 〒567-0829,ラックハウジング,,,,,,,,,,,,,,,
C000078,清掃,（株）レンタックス,管理会社,大阪府,茨木市,大阪府茨木市水尾4丁目1-27,,,,,,,,https://www.rentax.co.jp,,未接触,中,FALSE,,業界団体名簿,2026-09-12,,,,JPM大阪府支部 正会員一覧 / 〒567-0891,レンタックス,,,,,,,,,,,,,,,
C000079,清掃,（株）三つ葉,管理会社,大阪府,茨木市,大阪府茨木市駅前3丁目2-2,,,,,,,,,,未接触,中,FALSE,,業界団体名簿,2026-09-12,,,,JPM大阪府支部 正会員一覧 / 〒567-0888,三つ葉,,,,,,,,,,,,,,,
C000080,清掃,（株）関西建設,管理会社,大阪府,茨木市,大阪府茨木市舟木町2-1シャトー黒田ビル,,,,,,,,https://www.kanken-g.jp,,未接触,中,FALSE,,業界団体名簿,2026-09-12,,,,JPM大阪府支部 正会員一覧 / 〒567-0828,関西建設,,,,,,,,,,,,,,,
C000081,清掃,（株）日本ヴェルテック,管理会社,大阪府,高槻市,大阪府高槻市宮之川原5丁目23ー9,,,,,,,,https://vertex-j.com,,未接触,中,FALSE,,業界団体名簿,2026-09-12,,,,JPM大阪府支部 正会員一覧 / 〒569-1032,日本ヴェルテック,,,,,,,,,,,,,,,
C000082,清掃,（株）デイグラン,管理会社,京都府,京都市南区,京都府京都市南区吉祥院井ノ口町37-13,,,,,,,,https://www.day-gran.com,,未接触,低,FALSE,,業界団体名簿,2026-09-12,,,,JPM大阪府支部 正会員一覧 / 〒601-8314,デイグラン,,,,,,,,,,,,,,,
C000083,清掃,プロパゲート（株）,管理会社,三重県,伊賀市,三重県伊賀市服部町470-7,,,,,,,,https://propergate.net,,未接触,低,FALSE,,業界団体名簿,2026-09-12,,,,JPM大阪府支部 正会員一覧 / 〒518-0007,プロパゲート,,,,,,,,,,,,,,,
C000084,清掃,日建産業（株）,管理会社,大阪府,八尾市,大阪府八尾市久宝寺6丁目8-1,,,,,,,,https://www.nikken-sangyo.co.jp,,未接触,低,FALSE,,業界団体名簿,2026-09-12,,,,JPM大阪府支部 正会員一覧 / 〒581-0072,日建産業,,,,,,,,,,,,,,,
C000085,清掃,近藤プロパティ（株）　賃貸管理本部,管理会社,大阪府,八尾市,大阪府八尾市光南町1丁目6-7コスモビル1F,,,,,,,,https://www.kondoproperty.co.jp,,未接触,低,FALSE,,業界団体名簿,2026-09-12,,,,JPM大阪府支部 正会員一覧 / 〒581-0007,近藤プロパティ賃貸管理本部,,,,,,,,,,,,,,,
C000086,清掃,（有）ワンダーランド,管理会社,大阪府,八尾市,大阪府八尾市東本町3丁目9-36板倉ビル1階,,,,,,,,https://0120720901.com,,未接触,低,FALSE,,業界団体名簿,2026-09-12,,,,JPM大阪府支部 正会員一覧 / 〒581-0004,ワンダーランド,,,,,,,,,,,,,,,
C000087,清掃,星和リアルティ（株）,管理会社,東京都,千代田区,東京都千代田区神田淡路町1丁目3生和淡路町駅上ビル,,,,,,,,https://www.seiwarealty.co.jp,,未接触,低,FALSE,,業界団体名簿,2026-09-12,,,,JPM大阪府支部 正会員一覧 / 〒101-0063,星和リアルティ,,,,,,,,,,,,,,,
C000088,清掃,（株）エスタス管財,管理会社,三重県,名張市,三重県名張市夏見291,,,,,,,,https://www.s-tus.co.jp,,未接触,低,FALSE,,業界団体名簿,2026-09-12,,,,JPM大阪府支部 正会員一覧 / 〒518-0441,エスタス管財,,,,,,,,,,,,,,,
C000089,清掃,日本伍洋（株）,管理会社,大阪府,堺市中区,大阪府堺市中区東山1114,,,,,,,,,,未接触,低,FALSE,,業界団体名簿,2026-09-12,,,,JPM大阪府支部 正会員一覧 / 〒599-8247,日本伍洋,,,,,,,,,,,,,,,
C000090,清掃,株式会社セントラルホーム,管理会社,大阪府,堺市北区,堺市北区中百舌鳥町2-54,,,,,,,,,,未接触,低,FALSE,,業界団体名簿,2026-09-12,,,,全国賃貸住宅新聞 全国管理会社データブック（大阪府） / 全国賃貸住宅新聞 全国管理会社データブック（大阪府） / 〒591-8023,セントラルホーム,,,,,,,,,,,,,,,
C000091,清掃,（株）エクステンド,管理会社,大阪府,堺市北区,大阪府堺市北区長曽根町10柳生第二ビル2階,,,,,,,,,,未接触,低,FALSE,,業界団体名簿,2026-09-12,,,,JPM大阪府支部 正会員一覧 / 〒591-8025,エクステンド,,,,,,,,,,,,,,,
C000092,清掃,松原住宅（株）,管理会社,大阪府,堺市堺区,大阪府堺市堺区少林寺町東4丁1-20,,,,,,,,https://www.oyasan.co.jp,,未接触,低,FALSE,,業界団体名簿,2026-09-12,,,,JPM大阪府支部 正会員一覧 / 〒590-0963,松原住宅,,,,,,,,,,,,,,,
C000093,清掃,（株）ベストホーム,管理会社,大阪府,堺市堺区,大阪府堺市堺区出島海岸通1丁9番1号,,,,,,,,https://www.besthome.ne.jp,,未接触,低,FALSE,,業界団体名簿,2026-09-12,,,,JPM大阪府支部 正会員一覧 / 〒590-0833,ベストホーム,,,,,,,,,,,,,,,
C000094,清掃,生和不動産保証（株）,管理会社,大阪府,大東市,大阪府大東市浜町12-18,,,,,,,,https://www.kariage.co.jp,,未接触,低,FALSE,,業界団体名簿,2026-09-12,,,,JPM大阪府支部 正会員一覧 / 〒574-0041,生和不動産保証,,,,,,,,,,,,,,,
C000095,清掃,（株）三島コーポレーション,管理会社,大阪府,大東市,大阪府大東市赤井1丁目3-20,,,,,,,,https://www.mishima-corp.co.jp,,未接触,低,FALSE,,業界団体名簿,2026-09-12,,,,JPM大阪府支部 正会員一覧 / 〒574-0046,三島コーポレーション,,,,,,,,,,,,,,,
C000096,清掃,グローバルコミュニティ株式会社,管理会社,大阪府,大阪市中央区,大阪市中央区博労町3-3-7,,,,,,,,,,未接触,低,FALSE,,業界団体名簿,2026-09-12,,,,全国賃貸住宅新聞 全国管理会社データブック（大阪府） / 全国賃貸住宅新聞 全国管理会社データブック（大阪府） / 〒541-0059,グローバルコミュニティ,,,,,,,,,,,,,,,
C000097,清掃,コーナン地所（株）,管理会社,大阪府,大阪市中央区,大阪府大阪市中央区道修町2丁目6-7淀屋橋近藤ビル 7F,,,,,,,,https://cohnan-jisho.com,,未接触,低,FALSE,,業界団体名簿,2026-09-12,,,,JPM大阪府支部 正会員一覧 / 〒541-0045,コーナン地所,,,,,,,,,,,,,,,
C000098,清掃,セプト株式会社,管理会社,大阪府,大阪市中央区,大阪市中央区備後町3-4-1,,,,,,,,,,未接触,低,FALSE,,業界団体名簿,2026-09-12,,,,全国賃貸住宅新聞 全国管理会社データブック（大阪府） / 全国賃貸住宅新聞 全国管理会社データブック（大阪府） / 〒541-0051,セプト,,,,,,,,,,,,,,,
C000099,清掃,タカセ不動産株式会社,管理会社,大阪府,大阪市中央区,大阪市中央区瓦屋町1丁目9番20号,,,,,,,,,,未接触,低,FALSE,,業界団体名簿,2026-09-12,,,,全国賃貸住宅新聞 全国管理会社データブック（大阪府） / 全国賃貸住宅新聞 全国管理会社データブック（大阪府） / 〒542-0066,タカセ不動産,,,,,,,,,,,,,,,
C000100,清掃,パナソニックホームズ不動産（株）,管理会社,大阪府,大阪市中央区,大阪府大阪市中央区農人橋2丁目4-12-7F,,,,,,,,https://homes.panasonic.com,,未接触,低,FALSE,,業界団体名簿,2026-09-12,,,,JPM大阪府支部 正会員一覧 / 〒540-0011,パナソニックホームズ不動産,,,,,,,,,,,,,,,
C000101,清掃,ブルースター（株）,管理会社,大阪府,大阪市中央区,大阪府大阪市中央区南船場1丁目3ー27,,,,,,,,https://blue-bs.co.jp,,未接触,低,FALSE,,業界団体名簿,2026-09-12,,,,JPM大阪府支部 正会員一覧 / 〒542-0081,ブルースター,,,,,,,,,,,,,,,
C000102,清掃,リースビル管理（株）,管理会社,大阪府,大阪市中央区,大阪府大阪市中央区久太郎町3丁目1-26,,,,,,,,https://www.leasebm.com,,未接触,低,FALSE,,業界団体名簿,2026-09-12,,,,JPM大阪府支部 正会員一覧 / 〒541-0056,リースビル管理,,,,,,,,,,,,,,,
C000103,清掃,三和通産（株）,管理会社,大阪府,大阪市中央区,大阪府大阪市中央区瓦町3丁目6-5銀泉備後町ビル10F,,,,,,,,https://sanwa-f.co.jp,,未接触,低,FALSE,,業界団体名簿,2026-09-12,,,,JPM大阪府支部 正会員一覧 / 〒541-0048,三和通産,,,,,,,,,,,,,,,
C000104,清掃,京阪カインド（株）,管理会社,大阪府,大阪市中央区,大阪府大阪市中央区道修町2丁目6-7淀屋橋近藤ビル2階,,,,,,,,https://www.keihan-kind.co.jp,,未接触,低,FALSE,,業界団体名簿,2026-09-12,,,,JPM大阪府支部 正会員一覧 / 〒541-0045,京阪カインド,,,,,,,,,,,,,,,
C000105,清掃,信和建設株式会社,管理会社,大阪府,大阪市中央区,大阪市中央区南船場1-18-11,,,,,,,,,,未接触,低,FALSE,,業界団体名簿,2026-09-12,,,,全国賃貸住宅新聞 全国管理会社データブック（大阪府） / 全国賃貸住宅新聞 全国管理会社データブック（大阪府） / 〒542-0081,信和建設,,,,,,,,,,,,,,,
C000106,清掃,掛谷不動産（株）,管理会社,大阪府,大阪市中央区,大阪府大阪市中央区本町1丁目3ー15本町NXビル1F,,,,,,,,https://0726.co.jp,,未接触,低,FALSE,,業界団体名簿,2026-09-12,,,,JPM大阪府支部 正会員一覧 / 〒541-0053,掛谷不動産,,,,,,,,,,,,,,,
C000107,清掃,株式会社UTクリエイト,管理会社,大阪府,大阪市中央区,大阪市中央区南船場4丁目12番8号関西心斎橋ビル4階,,,,,,,,,,未接触,低,FALSE,,業界団体名簿,2026-09-12,,,,全国賃貸住宅新聞 全国管理会社データブック（大阪府） / 全国賃貸住宅新聞 全国管理会社データブック（大阪府） / 〒542-0081,UTクリエイト,,,,,,,,,,,,,,,
C000108,清掃,株式会社アイ・エス・オー,管理会社,大阪府,大阪市中央区,大阪市中央区淡路町2-4-3,,,,,,,,,,未接触,低,FALSE,,業界団体名簿,2026-09-12,,,,全国賃貸住宅新聞 全国管理会社データブック（大阪府） / 全国賃貸住宅新聞 全国管理会社データブック（大阪府） / 〒541-0047,アイ・エス・オー,,,,,,,,,,,,,,,
C000109,清掃,株式会社フェニックス管理,管理会社,大阪府,大阪市中央区,大阪市中央区南船場2-1-33PHOENIX南船場8F,,,,,,,,,,未接触,低,FALSE,,業界団体名簿,2026-09-12,,,,全国賃貸住宅新聞 全国管理会社データブック（大阪府） / 全国賃貸住宅新聞 全国管理会社データブック（大阪府） / 〒542-0081,フェニックス管理,,,,,,,,,,,,,,,
C000110,清掃,株式会社和社,管理会社,大阪府,大阪市中央区,大阪市中央区東心斎橋1-10-9,,,,,,,,,,未接触,低,FALSE,,業界団体名簿,2026-09-12,,,,全国賃貸住宅新聞 全国管理会社データブック（大阪府） / 全国賃貸住宅新聞 全国管理会社データブック（大阪府） / 〒542-0083,和社,,,,,,,,,,,,,,,
C000111,清掃,株式会社宅都ホールディングス,管理会社,大阪府,大阪市中央区,大阪市中央区高麗橋3丁目2番7号オリックス高麗橋ビル2階,,,,,,,,,,未接触,低,FALSE,,業界団体名簿,2026-09-12,,,,全国賃貸住宅新聞 全国管理会社データブック（大阪府） / 全国賃貸住宅新聞 全国管理会社データブック（大阪府） / 〒541-0043,宅都ホールディングス,,,,,,,,,,,,,,,
C000112,清掃,株式会社第一住建,管理会社,大阪府,大阪市中央区,大阪市中央区備後町2-4-10,,,,,,,,,,未接触,低,FALSE,,業界団体名簿,2026-09-12,,,,全国賃貸住宅新聞 全国管理会社データブック（大阪府） / 全国賃貸住宅新聞 全国管理会社データブック（大阪府） / 〒541-0051,第一住建,,,,,,,,,,,,,,,
C000113,清掃,株式会社誠真,管理会社,大阪府,大阪市中央区,大阪市中央区南久宝寺町2-3-2-1F,,,,,,,,,,未接触,低,FALSE,,業界団体名簿,2026-09-12,,,,全国賃貸住宅新聞 全国管理会社データブック（大阪府） / 全国賃貸住宅新聞 全国管理会社データブック（大阪府） / 〒541-0058,誠真,,,,,,,,,,,,,,,
C000114,清掃,積水ハウスシャーメゾンＰＭ関西（株）,管理会社,大阪府,大阪市中央区,大阪府大阪市中央区伏見町4丁目4-10新伏見町ビル8階,,,,,,,,https://www.sekisuihouse-f-kansai.co.jp,,未接触,低,FALSE,,業界団体名簿,2026-09-12,,,,JPM大阪府支部 正会員一覧 / 〒541-0044,積水ハウスシャーメゾンPM関西,,,,,,,,,,,,,,,
C000115,清掃,響不動産リサーチ株式会社,管理会社,大阪府,大阪市中央区,大阪市中央区南本町1-4-10,,,,,,,,,,未接触,低,FALSE,,業界団体名簿,2026-09-12,,,,全国賃貸住宅新聞 全国管理会社データブック（大阪府） / 全国賃貸住宅新聞 全国管理会社データブック（大阪府） / 〒541-0054,響不動産リサーチ,,,,,,,,,,,,,,,
C000116,清掃,（有）アップルホーム,管理会社,大阪府,大阪市中央区,大阪府大阪市中央区南本町2丁目4-1STAR BUILDING 2F,,,,,,,,https://www.chintai-apple.co.jp,,未接触,低,FALSE,,業界団体名簿,2026-09-12,,,,JPM大阪府支部 正会員一覧 / 〒541-0054,アップルホーム,,,,,,,,,,,,,,,
C000117,清掃,（有）トラスティーサービス,管理会社,大阪府,大阪市中央区,大阪府大阪市中央区南久宝寺町1丁目3-9星和CITYBLD南久宝寺701,,,,,,,,https://www.trustee.co.jp,,未接触,低,FALSE,,業界団体名簿,2026-09-12,,,,JPM大阪府支部 正会員一覧 / 〒541-0058,トラスティーサービス,,,,,,,,,,,,,,,
C000118,清掃,（株）すまいる管理,管理会社,大阪府,大阪市中央区,大阪府大阪市中央区瓦町4丁目4-8おおきにKOKODESU瓦町四丁目,,,,,,,,https://www.smile-service.jp,,未接触,低,FALSE,,業界団体名簿,2026-09-12,,,,JPM大阪府支部 正会員一覧 / 〒541-0048,すまいる管理,,,,,,,,,,,,,,,
C000119,清掃,（株）アスパ,管理会社,大阪府,大阪市中央区,大阪府大阪市中央区博労町1丁目4-6イグレック南本町202,,,,,,,,https://www.asset-value.jp,,未接触,低,FALSE,,業界団体名簿,2026-09-12,,,,JPM大阪府支部 正会員一覧 / 〒541-0059,アスパ,,,,,,,,,,,,,,,
C000120,清掃,（株）アパネット,管理会社,大阪府,大阪市中央区,大阪府大阪市中央区本町2丁目2-5本町第2ビル4F,,,,,,,,,,未接触,低,FALSE,,業界団体名簿,2026-09-12,,,,JPM大阪府支部 正会員一覧 / 〒541-0053,アパネット,,,,,,,,,,,,,,,
C000121,清掃,（株）エステートトーワ,管理会社,大阪府,大阪市中央区,大阪府大阪市中央区南船場2丁目9-14NEビル,,,,,,,,https://www.et-k.co.jp,,未接触,低,FALSE,,業界団体名簿,2026-09-12,,,,JPM大阪府支部 正会員一覧 / 〒542-0081,エステートトーワ,,,,,,,,,,,,,,,
C000122,清掃,（株）セオリーファクトリー,管理会社,大阪府,大阪市中央区,大阪府大阪市中央区東心斎橋1丁目9ー21YF心斎橋ビル7階,,,,,,,,https://www.theoryfactory.jp,,未接触,低,FALSE,,業界団体名簿,2026-09-12,,,,JPM大阪府支部 正会員一覧 / 〒542-0083,セオリーファクトリー,,,,,,,,,,,,,,,
C000123,清掃,（株）セルクル・プラス,管理会社,大阪府,大阪市中央区,大阪府大阪市中央区備後町3丁目4-1備後町山口玄ビル8階,,,,,,,,,,未接触,低,FALSE,,業界団体名簿,2026-09-12,,,,JPM大阪府支部 正会員一覧 / 〒541-0051,セルクル・プラス,,,,,,,,,,,,,,,
C000124,清掃,（株）トライユニティ,管理会社,大阪府,大阪市中央区,大阪府大阪市中央区南船場3丁目2-22おおきに南船場ビル701号,,,,,,,,https://www.try-unity.co.jp,,未接触,低,FALSE,,業界団体名簿,2026-09-12,,,,JPM大阪府支部 正会員一覧 / 〒542-0081,トライユニティ,,,,,,,,,,,,,,,
C000125,清掃,（株）ナビック,管理会社,大阪府,大阪市中央区,大阪府大阪市中央区本町橋2-22第26松屋ビル901号室,,,,,,,,https://www.na-vic.co.jp,,未接触,低,FALSE,,業界団体名簿,2026-09-12,,,,JPM大阪府支部 正会員一覧 / 〒540-0029,ナビック,,,,,,,,,,,,,,,
C000126,清掃,（株）メインランドジャパン,管理会社,大阪府,大阪市中央区,大阪府大阪市中央区久太郎町3丁目3-9ORIX久太郎町,,,,,,,,https://www.mljp.co.jp,,未接触,低,FALSE,,業界団体名簿,2026-09-12,,,,JPM大阪府支部 正会員一覧 / 〒541-0056,メインランドジャパン,,,,,,,,,,,,,,,
C000127,清掃,（株）モダンアパートメント,管理会社,大阪府,大阪市中央区,大阪府大阪市中央区平野町2丁目2-14先春園ビル4階,,,,,,,,https://m-apartment.co.jp,,未接触,低,FALSE,,業界団体名簿,2026-09-12,,,,JPM大阪府支部 正会員一覧 / 〒541-0046,モダンアパートメント,,,,,,,,,,,,,,,
C000128,清掃,（株）リクレア・ライフエージェント,管理会社,大阪府,大阪市中央区,大阪府大阪市中央区淡路町4丁目2-13アーバンネット御堂筋ビル7F,,,,,,,,https://www.recrea.co.jp,,未接触,低,FALSE,,業界団体名簿,2026-09-12,,,,JPM大阪府支部 正会員一覧 / 〒541-0047,リクレア・ライフエージェント,,,,,,,,,,,,,,,
C000129,清掃,（株）レオコーポレーション,管理会社,大阪府,大阪市中央区,大阪府大阪市中央区安土町1丁目5-8本町DSビル7階,,,,,,,,https://www.leo-corp.co.jp,,未接触,低,FALSE,,業界団体名簿,2026-09-12,,,,JPM大阪府支部 正会員一覧 / 〒541-0052,レオコーポレーション,,,,,,,,,,,,,,,
C000130,清掃,（株）住宅サービス,管理会社,大阪府,大阪市中央区,大阪府大阪市中央区備後町4丁目3-6アスティナ御堂筋本町3F,,,,,,,,https://www.jyutaku-sv.co.jp,,未接触,低,FALSE,,業界団体名簿,2026-09-12,,,,JPM大阪府支部 正会員一覧 / 〒541-0051,住宅サービス,,,,,,,,,,,,,,,
C000131,清掃,（株）匠地所,管理会社,大阪府,大阪市中央区,大阪府大阪市中央区高麗橋3丁目2-7オリックス高麗橋ビル2F,,,,,,,,https://www.takumijisho.com,,未接触,低,FALSE,,業界団体名簿,2026-09-12,,,,JPM大阪府支部 正会員一覧 / 〒541-0043,匠地所,,,,,,,,,,,,,,,
C000132,清掃,（株）港不動産,管理会社,大阪府,大阪市中央区,大阪府大阪市中央区北浜東1-13,,,,,,,,https://www.minatoweb.com,,未接触,低,FALSE,,業界団体名簿,2026-09-12,,,,JPM大阪府支部 正会員一覧 / 〒540-0031,港不動産,,,,,,,,,,,,,,,
C000133,清掃,（株）近畿建物管理,管理会社,大阪府,大阪市中央区,大阪府大阪市中央区南船場1丁目6-12-10F,,,,,,,,https://www.kinkitatemono.com,,未接触,低,FALSE,,業界団体名簿,2026-09-12,,,,JPM大阪府支部 正会員一覧 / 〒542-0081,近畿建物管理,,,,,,,,,,,,,,,
C000134,清掃,（株）関西ホームサービス,管理会社,大阪府,大阪市中央区,大阪府大阪市中央区博労町1丁目4-6イグレック南本町2F,,,,,,,,https://kansai-hs.co.jp,,未接触,低,FALSE,,業界団体名簿,2026-09-12,,,,JPM大阪府支部 正会員一覧 / JPM大阪府支部 正会員一覧 / JPM大阪府支部 正会員一覧 / 〒541-0059,関西ホームサービス,,,,,,,,,,,,,,,
C000135,清掃,（株）ＤＭＣ,管理会社,大阪府,大阪市中央区,大阪府大阪市中央区中寺2丁目6-7瓦屋町ビル4階,,,,,,,,,,未接触,低,FALSE,,業界団体名簿,2026-09-12,,,,JPM大阪府支部 正会員一覧 / 〒542-0066,DMC,,,,,,,,,,,,,,,
C000136,清掃,（株）ＨＯＭＥプロデューサーＺＥＲＯ,管理会社,大阪府,大阪市中央区,大阪府大阪市中央区本町4丁目4-10IENTO本町ビル10F,,,,,,,,https://www.home-p-zero.co.jp,,未接触,低,FALSE,,業界団体名簿,2026-09-12,,,,JPM大阪府支部 正会員一覧 / 〒541-0053,HOMEプロデューサーZERO,,,,,,,,,,,,,,,
C000137,清掃,（株）ＴＡＫＵＴＯ　ＩＮＶＥＳＴＭＥＮＴ,管理会社,大阪府,大阪市中央区,大阪府大阪市中央区高麗橋3丁目2-7オリックス高麗橋ビル2階,,,,,,,,https://www.takuto-investment.com,,未接触,低,FALSE,,業界団体名簿,2026-09-12,,,,JPM大阪府支部 正会員一覧 / 〒541-0043,TAKUTOINVESTMENT,,,,,,,,,,,,,,,
C000138,清掃,（株）ＵｐＬｉｆｅ,管理会社,大阪府,大阪市中央区,大阪府大阪市中央区北久宝寺町4丁目4-7VPO本町セントラル9階,,,,,,,,https://uplife.co.jp,,未接触,低,FALSE,,業界団体名簿,2026-09-12,,,,JPM大阪府支部 正会員一覧 / 〒541-0057,UpLife,,,,,,,,,,,,,,,
C000139,清掃,ＫＳＣ（株）,管理会社,大阪府,大阪市中央区,大阪府大阪市中央区大手前1丁目7-24,,,,,,,,https://k-sc.info,,未接触,低,FALSE,,業界団体名簿,2026-09-12,,,,JPM大阪府支部 正会員一覧 / 〒540-0008,KSC,,,,,,,,,,,,,,,
C000140,清掃,（株）エリアリサーチ,管理会社,大阪府,大阪市住之江区,大阪府大阪市住之江区南港東3丁目2-40,,,,,,,,https://area-research-s.com,,未接触,低,FALSE,,業界団体名簿,2026-09-12,,,,JPM大阪府支部 正会員一覧 / 〒559-0031,エリアリサーチ,,,,,,,,,,,,,,,
C000141,清掃,バルゴプロパティ（株）,管理会社,大阪府,大阪市住吉区,大阪府大阪市住吉区杉本1丁目2-4,,,,,,,,,,未接触,低,FALSE,,業界団体名簿,2026-09-12,,,,JPM大阪府支部 正会員一覧 / 〒558-0022,バルゴプロパティ,,,,,,,,,,,,,,,
C000142,清掃,阪急阪神不動産（株）,管理会社,大阪府,大阪市住吉区,大阪府大阪市住吉区我孫子東2丁目7-13,,,,,,,,https://www.hhp.co.jp,,未接触,低,FALSE,,業界団体名簿,2026-09-12,,,,JPM大阪府支部 正会員一覧 / 〒558-0013,阪急阪神不動産,,,,,,,,,,,,,,,
C000143,清掃,（株）マツヤマスマイルホーム,管理会社,大阪府,大阪市住吉区,大阪府大阪市住吉区苅田7丁目6-24,,,,,,,,https://www.smilehome.co.jp,,未接触,低,FALSE,,業界団体名簿,2026-09-12,,,,JPM大阪府支部 正会員一覧 / 〒558-0011,マツヤマスマイルホーム,,,,,,,,,,,,,,,
C000144,清掃,アイケイ不動産（株）,管理会社,大阪府,大阪市城東区,大阪府大阪市城東区蒲生2丁目1-28ブランブリエ京橋1階,,,,,,,,https://www.kensetumap.com,,未接触,低,FALSE,,業界団体名簿,2026-09-12,,,,JPM大阪府支部 正会員一覧 / 〒536-0016,アイケイ不動産,,,,,,,,,,,,,,,
C000145,清掃,（株）オークラハンズ,管理会社,大阪府,大阪市城東区,大阪府大阪市城東区今福東3丁目12-19,,,,,,,,https://www.ohkurahands.com,,未接触,低,FALSE,,業界団体名簿,2026-09-12,,,,JPM大阪府支部 正会員一覧 / 〒536-0002,オークラハンズ,,,,,,,,,,,,,,,
C000146,清掃,（株）リア・ライブ,管理会社,大阪府,大阪市城東区,大阪府大阪市城東区成育2丁目16-15,,,,,,,,https://www.rearlive.co.jp,,未接触,低,FALSE,,業界団体名簿,2026-09-12,,,,JPM大阪府支部 正会員一覧 / 〒536-0007,リア・ライブ,,,,,,,,,,,,,,,
C000147,清掃,株式会社協和産業,管理会社,大阪府,大阪市天王寺区,大阪市天王寺区生玉前町5-10協和谷町ビル,,,,,,,,,,未接触,低,FALSE,,業界団体名簿,2026-09-12,,,,全国賃貸住宅新聞 全国管理会社データブック（大阪府） / 全国賃貸住宅新聞 全国管理会社データブック（大阪府） / 〒543-0072,協和産業,,,,,,,,,,,,,,,
C000148,清掃,（株）アーバネストプロパティ,管理会社,大阪府,大阪市天王寺区,大阪府大阪市天王寺区玉造元町2-31,,,,,,,,https://unest-pro.com,,未接触,低,FALSE,,業界団体名簿,2026-09-12,,,,JPM大阪府支部 正会員一覧 / 〒543-0014,アーバネストプロパティ,,,,,,,,,,,,,,,
C000149,清掃,（株）ケーティージー,管理会社,大阪府,大阪市天王寺区,大阪府大阪市天王寺区国分町18-10ケミカテックビル3階,,,,,,,,https://www.ktg-ltd.com,,未接触,低,FALSE,,業界団体名簿,2026-09-12,,,,JPM大阪府支部 正会員一覧 / 〒543-0044,ケーティージー,,,,,,,,,,,,,,,
C000150,清掃,（株）リアルエステート,管理会社,大阪府,大阪市天王寺区,大阪府大阪市天王寺区生玉前町5-31アンビション三和IIビル,,,,,,,,https://re-estate.co.jp,,未接触,低,FALSE,,業界団体名簿,2026-09-12,,,,JPM大阪府支部 正会員一覧 / 〒543-0072,リアルエステート,,,,,,,,,,,,,,,
C000151,清掃,（株）ＧｏｏｄＨｉｌｌ　Ｒｅａｌ　Ｅｓｔａｔｅ,管理会社,大阪府,大阪市天王寺区,大阪府大阪市天王寺区堂ケ芝2丁目13ー2コーリンコバヤシビル4階,,,,,,,,https://goodhill-re.co.jp,,未接触,低,FALSE,,業界団体名簿,2026-09-12,,,,JPM大阪府支部 正会員一覧 / 〒543-0033,GoodHillRealEstate,,,,,,,,,,,,,,,
C000152,清掃,フジ・アメニティサービス（株）,管理会社,大阪府,大阪市平野区,大阪府大阪市平野区長吉長原2丁目14-20,,,,,,,,https://www.fuji-amenity.com,,未接触,低,FALSE,,業界団体名簿,2026-09-12,,,,JPM大阪府支部 正会員一覧 / 〒547-0016,フジ・アメニティサービス,,,,,,,,,,,,,,,
C000153,清掃,（株）スーパー・コート,管理会社,大阪府,大阪市平野区,大阪府大阪市平野区加美東4丁目10-14-2F,,,,,,,,https://www.supercourt.jp,,未接触,低,FALSE,,業界団体名簿,2026-09-12,,,,JPM大阪府支部 正会員一覧 / 〒547-0002,スーパー・コート,,,,,,,,,,,,,,,
C000154,清掃,（株）Ｍａｃｈｉｄａハウジング,管理会社,大阪府,大阪市平野区,大阪府大阪市平野区加美鞍作3丁目8-22,,,,,,,,https://www.machida-koumuten.com,,未接触,低,FALSE,,業界団体名簿,2026-09-12,,,,JPM大阪府支部 正会員一覧 / 〒547-0004,Machidaハウジング,,,,,,,,,,,,,,,
C000155,清掃,株式会社商都,管理会社,大阪府,大阪市東住吉区,大阪市東住吉区中野4-15-21,,,,,,,,,,未接触,低,FALSE,,業界団体名簿,2026-09-12,,,,全国賃貸住宅新聞 全国管理会社データブック（大阪府） / 全国賃貸住宅新聞 全国管理会社データブック（大阪府） / 〒546-0012,商都,,,,,,,,,,,,,,,
C000156,清掃,（株）おくの,管理会社,大阪府,大阪市東成区,大阪府大阪市東成区中道1丁目4-2森之宮スカイガーデンハウス4階,,,,,,,,https://ok-okuno-agent.com,,未接触,低,FALSE,,業界団体名簿,2026-09-12,,,,JPM大阪府支部 正会員一覧 / 〒537-0025,おくの,,,,,,,,,,,,,,,
C000157,清掃,（株）ヴィクトリア・マネジメント,管理会社,大阪府,大阪市東成区,大阪府大阪市東成区東小橋1丁目1-21オークラハンズビル1F,,,,,,,,https://victoria-investment.co.jp,,未接触,低,FALSE,,業界団体名簿,2026-09-12,,,,JPM大阪府支部 正会員一覧 / 〒537-0024,ヴィクトリア・マネジメント,,,,,,,,,,,,,,,
C000158,清掃,ＭＳニューマン（株）,管理会社,大阪府,大阪市東成区,大阪府大阪市東成区中道1丁目10ー26サクラ森ノ宮ビル,,,,,,,,https://www.ms-newman.co.jp,,未接触,低,FALSE,,業界団体名簿,2026-09-12,,,,JPM大阪府支部 正会員一覧 / 〒537-0025,MSニューマン,,,,,,,,,,,,,,,
C000159,清掃,ケイエスコミュニティ（株）,管理会社,大阪府,大阪市港区,大阪府大阪市港区築港3丁目7-15港振興ビル217号室,,,,,,,,https://www.kscommunity.com,,未接触,低,FALSE,,業界団体名簿,2026-09-12,,,,JPM大阪府支部 正会員一覧 / 〒552-0021,ケイエスコミュニティ,,,,,,,,,,,,,,,
C000160,清掃,ミラ・パレマネージメント（株）,管理会社,大阪府,大阪市西区,大阪府大阪市西区新町1丁目8-1 行成ビル6F,,,,,,,,,,未接触,低,FALSE,,業界団体名簿,2026-09-12,,,,JPM大阪府支部 正会員一覧 / 〒550-0013,ミラ・パレマネージメント,,,,,,,,,,,,,,,
C000161,清掃,株式会社スター・プロパティーズ,管理会社,大阪府,大阪市西区,大阪市西区南堀江2丁目1番10号1階,,,,,,,,,,未接触,低,FALSE,,業界団体名簿,2026-09-12,,,,全国賃貸住宅新聞 全国管理会社データブック（大阪府） / 全国賃貸住宅新聞 全国管理会社データブック（大阪府） / 〒550-0015,スター・プロパティーズ,,,,,,,,,,,,,,,
C000162,清掃,近畿ハウジング（株）,管理会社,大阪府,大阪市西区,大阪府大阪市西区新町1丁目4-21大幸ビル内,,,,,,,,https://www.kinki-housing.co.jp,,未接触,低,FALSE,,業界団体名簿,2026-09-12,,,,JPM大阪府支部 正会員一覧 / 〒550-0013,近畿ハウジング,,,,,,,,,,,,,,,
C000163,清掃,（株）アルカディア管財,管理会社,大阪府,大阪市西区,大阪府大阪市西区北堀江1丁目2-19アステリオ北堀江ザ・メトロタワー3F,,,,,,,,https://www.arkadia-k.com,,未接触,低,FALSE,,業界団体名簿,2026-09-12,,,,JPM大阪府支部 正会員一覧 / 〒550-0014,アルカディア管財,,,,,,,,,,,,,,,
C000164,清掃,（株）アルシンク,管理会社,大阪府,大阪市西区,大阪府大阪市西区新町1丁目4-26四ツ橋グランドビル,,,,,,,,https://althink.co.jp,,未接触,低,FALSE,,業界団体名簿,2026-09-12,,,,JPM大阪府支部 正会員一覧 / 〒550-0013,アルシンク,,,,,,,,,,,,,,,
C000165,清掃,（株）ズーム,管理会社,大阪府,大阪市西区,大阪府大阪市西区西本町1丁目7-7,,,,,,,,https://www.zoom-web.jp,,未接触,低,FALSE,,業界団体名簿,2026-09-12,,,,JPM大阪府支部 正会員一覧 / 〒550-0005,ズーム,,,,,,,,,,,,,,,
C000166,清掃,（株）ツインライフ,管理会社,大阪府,大阪市西区,大阪府大阪市西区立売堀1丁目2-14本町産金ビル8階,,,,,,,,https://www.twinlife.co.jp,,未接触,低,FALSE,,業界団体名簿,2026-09-12,,,,JPM大阪府支部 正会員一覧 / 〒550-0012,ツインライフ,,,,,,,,,,,,,,,
C000167,清掃,（株）フロントハウジング,管理会社,大阪府,大阪市西区,大阪府大阪市西区京町堀1丁目8-31安田会館ビル205,,,,,,,,https://fronthousing.jp,,未接触,低,FALSE,,業界団体名簿,2026-09-12,,,,JPM大阪府支部 正会員一覧 / 〒550-0003,フロントハウジング,,,,,,,,,,,,,,,
C000168,清掃,（株）ムーブメント,管理会社,大阪府,大阪市西区,大阪府大阪市西区南堀江1丁目19-8MP南堀江,,,,,,,,https://www.movement.co.jp,,未接触,低,FALSE,,業界団体名簿,2026-09-12,,,,JPM大阪府支部 正会員一覧 / 〒550-0015,ムーブメント,,,,,,,,,,,,,,,
C000169,清掃,（株）東黎トラスト,管理会社,大阪府,大阪市西区,大阪府大阪市西区立売堀2丁目4-5DGビルなにわ筋,,,,,,,,,,未接触,低,FALSE,,業界団体名簿,2026-09-12,,,,JPM大阪府支部 正会員一覧 / 〒550-0012,東黎トラスト,,,,,,,,,,,,,,,
C000170,清掃,ＩＮＡ＆Ａｓｓｏｃｉａｔｅｓ（株）,管理会社,大阪府,大阪市西区,大阪府大阪市西区江戸堀1丁目17-16肥後橋INAビル,,,,,,,,,,未接触,低,FALSE,,業界団体名簿,2026-09-12,,,,JPM大阪府支部 正会員一覧 / 〒550-0002,INA&Associates,,,,,,,,,,,,,,,
C000171,清掃,株式会社サバイ総合管理,管理会社,大阪府,大阪市西成区,大阪市西成区岸里3-1-13,,,,,,,,,,未接触,低,FALSE,,業界団体名簿,2026-09-12,,,,全国賃貸住宅新聞 全国管理会社データブック（大阪府） / 全国賃貸住宅新聞 全国管理会社データブック（大阪府） / 〒557-0041,サバイ総合管理,,,,,,,,,,,,,,,
C000172,清掃,（株）エコホームズ,管理会社,大阪府,大阪市西成区,大阪府大阪市西成区千本中1丁目3-1辻ビル1階,,,,,,,,https://www.eco-homes.jp,,未接触,低,FALSE,,業界団体名簿,2026-09-12,,,,JPM大阪府支部 正会員一覧 / 〒557-0054,エコホームズ,,,,,,,,,,,,,,,
C000173,清掃,（株）ミヤビグループ,管理会社,大阪府,大阪市西成区,大阪府大阪市西成区岸里3丁目10ー13,,,,,,,,https://miyabi-group.jp,,未接触,低,FALSE,,業界団体名簿,2026-09-12,,,,JPM大阪府支部 正会員一覧 / 〒557-0041,ミヤビグループ,,,,,,,,,,,,,,,
C000174,清掃,（株）つばさ資産パートナーズ,管理会社,大阪府,大阪市阿倍野区,大阪府大阪市阿倍野区松崎町4丁目2-3,,,,,,,,https://tsubasa.jp,,未接触,低,FALSE,,業界団体名簿,2026-09-12,,,,JPM大阪府支部 正会員一覧 / 〒545-0053,つばさ資産パートナーズ,,,,,,,,,,,,,,,
C000175,清掃,（株）アーサメジャー,管理会社,大阪府,大阪市阿倍野区,大阪府大阪市阿倍野区阿倍野筋1丁目1-43あべのハルカス31F,,,,,,,,,,未接触,低,FALSE,,業界団体名簿,2026-09-12,,,,JPM大阪府支部 正会員一覧 / 〒545-6031,アーサメジャー,,,,,,,,,,,,,,,
C000176,清掃,（株）エリオン,管理会社,大阪府,大阪市阿倍野区,大阪府大阪市阿倍野区阿倍野筋2丁目4-47,,,,,,,,https://elion.co.jp,,未接触,低,FALSE,,業界団体名簿,2026-09-12,,,,JPM大阪府支部 正会員一覧 / 〒545-0052,エリオン,,,,,,,,,,,,,,,
C000177,清掃,ＡＧＡＩＮ（株）,管理会社,大阪府,大阪市阿倍野区,大阪府大阪市阿倍野区文の里4丁目2-4AGAIN文の里1F,,,,,,,,https://again-osaka.com,,未接触,低,FALSE,,業界団体名簿,2026-09-12,,,,JPM大阪府支部 正会員一覧 / 〒545-0004,AGAIN,,,,,,,,,,,,,,,
C000178,清掃,日建ハウジング（株）,管理会社,大阪府,大阪市鶴見区,大阪府大阪市鶴見区諸口3丁目4-38,,,,,,,,https://www.nikken-housing.jp,,未接触,低,FALSE,,業界団体名簿,2026-09-12,,,,JPM大阪府支部 正会員一覧 / 〒538-0051,日建ハウジング,,,,,,,,,,,,,,,
C000179,清掃,松本ビル管理（株）,管理会社,大阪府,守口市,大阪府守口市大日東町21-1,,,,,,,,https://www.matumoto-kanri.co.jp,,未接触,低,FALSE,,業界団体名簿,2026-09-12,,,,JPM大阪府支部 正会員一覧 / 〒570-0016,松本ビル管理,,,,,,,,,,,,,,,
C000180,清掃,株式会社ペントハウス,管理会社,大阪府,守口市,守口市寺内町1-11-19,,,,,,,,,,未接触,低,FALSE,,業界団体名簿,2026-09-12,,,,全国賃貸住宅新聞 全国管理会社データブック（大阪府） / 全国賃貸住宅新聞 全国管理会社データブック（大阪府） / 〒570-0056,ペントハウス,,,,,,,,,,,,,,,
C000181,清掃,（株）リードエイジ,管理会社,大阪府,守口市,大阪府守口市寺内町2丁目7-32,,,,,,,,https://www.lead-age.com,,未接触,低,FALSE,,業界団体名簿,2026-09-12,,,,JPM大阪府支部 正会員一覧 / 〒570-0056,リードエイジ,,,,,,,,,,,,,,,
C000182,清掃,ウィルハウス（株）,管理会社,大阪府,寝屋川市,大阪府寝屋川市日之出町1ー1,,,,,,,,,,未接触,低,FALSE,,業界団体名簿,2026-09-12,,,,JPM大阪府支部 正会員一覧 / 〒572-0835,ウィルハウス,,,,,,,,,,,,,,,
C000183,清掃,セプトプロパティー（株）,管理会社,大阪府,寝屋川市,大阪府寝屋川市清水町22-5,,,,,,,,,,未接触,低,FALSE,,業界団体名簿,2026-09-12,,,,JPM大阪府支部 正会員一覧 / 〒572-0044,セプトプロパティー,,,,,,,,,,,,,,,
C000184,清掃,明成不動産管理（株）,管理会社,大阪府,寝屋川市,大阪府寝屋川市香里南之町14-7,,,,,,,,https://meiseilife.com,,未接触,低,FALSE,,業界団体名簿,2026-09-12,,,,JPM大阪府支部 正会員一覧 / 〒572-0084,明成不動産管理,,,,,,,,,,,,,,,
C000185,清掃,株式会社マエダエステート,管理会社,大阪府,寝屋川市,寝屋川市大成町1-1,,,,,,,,,,未接触,低,FALSE,,業界団体名簿,2026-09-12,,,,全国賃貸住宅新聞 全国管理会社データブック（大阪府） / 全国賃貸住宅新聞 全国管理会社データブック（大阪府） / 〒572-0819,マエダエステート,,,,,,,,,,,,,,,
C000186,清掃,（株）谷町君管財,管理会社,大阪府,寝屋川市,大阪府寝屋川市田井西町19-17,,,,,,,,https://www.gutingjun.com,,未接触,低,FALSE,,業界団体名簿,2026-09-12,,,,JPM大阪府支部 正会員一覧 / 〒572-0020,谷町君管財,,,,,,,,,,,,,,,
C000187,清掃,アパルトマンエージェント（株）,管理会社,大阪府,岸和田市,大阪府岸和田市土生町2丁目30-22タチバナビル1階,,,,,,,,https://aprt-a.jp,,未接触,低,FALSE,,業界団体名簿,2026-09-12,,,,JPM大阪府支部 正会員一覧 / 〒596-0825,アパルトマンエージェント,,,,,,,,,,,,,,,
C000188,清掃,フリー（株）,管理会社,大阪府,岸和田市,大阪府岸和田市土生町1丁目4-23,,,,,,,,https://www.freescorp.com,,未接触,低,FALSE,,業界団体名簿,2026-09-12,,,,JPM大阪府支部 正会員一覧 / 〒596-0825,フリー,,,,,,,,,,,,,,,
C000189,清掃,（株）レンタル・パーク,管理会社,大阪府,岸和田市,大阪府岸和田市野田町1丁目6-21-88ビル5階,,,,,,,,https://rentalpark.net,,未接触,低,FALSE,,業界団体名簿,2026-09-12,,,,JPM大阪府支部 正会員一覧 / 〒596-0076,レンタル・パーク,,,,,,,,,,,,,,,
C000190,清掃,（有）ニシダハウジング,管理会社,大阪府,東大阪市,大阪府東大阪市小若江4丁目12-18,,,,,,,,https://www.nishidahousing.com,,未接触,低,FALSE,,業界団体名簿,2026-09-12,,,,JPM大阪府支部 正会員一覧 / 〒577-0818,ニシダハウジング,,,,,,,,,,,,,,,
C000191,清掃,（有）正和産業,管理会社,大阪府,東大阪市,大阪府東大阪市長田東3丁目1-25,,,,,,,,https://www.kamekun.com,,未接触,低,FALSE,,業界団体名簿,2026-09-12,,,,JPM大阪府支部 正会員一覧 / 〒577-0012,正和産業,,,,,,,,,,,,,,,
C000192,清掃,（株）タイセイシュアーサービス,管理会社,大阪府,東大阪市,大阪府東大阪市下小阪3丁目13-11,,,,,,,,https://www.taisei-sure.co.jp,,未接触,低,FALSE,,業界団体名簿,2026-09-12,,,,JPM大阪府支部 正会員一覧 / 〒577-0803,タイセイシュアーサービス,,,,,,,,,,,,,,,
C000193,清掃,（株）ライフリンクス,管理会社,大阪府,東大阪市,大阪府東大阪市小阪本町1丁目2ー17ライフ小阪ビル1階,,,,,,,,https://www.est-gr.co.jp,,未接触,低,FALSE,,業界団体名簿,2026-09-12,,,,JPM大阪府支部 正会員一覧 / 〒577-0802,ライフリンクス,,,,,,,,,,,,,,,
C000194,清掃,（株）Ｈｏｕｓｅ　Ｇｒｏｕｐ,管理会社,大阪府,東大阪市,大阪府東大阪市西堤本通西3丁目9-12,,,,,,,,https://www.r-houseosaka.co.jp,,未接触,低,FALSE,,業界団体名簿,2026-09-12,,,,JPM大阪府支部 正会員一覧 / 〒577-0046,HouseGroup,,,,,,,,,,,,,,,
C000195,清掃,（株）ＬｅＴｅｃｈ,管理会社,大阪府,東大阪市,大阪府東大阪市足代3丁目1-7リップル布施南ビル2階,,,,,,,,https://www.letech-corp.net,,未接触,低,FALSE,,業界団体名簿,2026-09-12,,,,JPM大阪府支部 正会員一覧 / 〒577-0841,LeTech,,,,,,,,,,,,,,,
C000196,清掃,株式会社ベストホーム管理センター,管理会社,大阪府,枚方市,枚方市西船橋2-47-8102,,,,,,,,,,未接触,低,FALSE,,業界団体名簿,2026-09-12,,,,全国賃貸住宅新聞 全国管理会社データブック（大阪府） / 全国賃貸住宅新聞 全国管理会社データブック（大阪府） / 〒573-1122,ベストホーム管理センター,,,,,,,,,,,,,,,
C000197,清掃,関電不動産開発（株）,管理会社,大阪府,枚方市,大阪府枚方市岡東町14-44雲川ビル3F,,,,,,,,https://www.kanden-rd.co.jp,,未接触,低,FALSE,,業界団体名簿,2026-09-12,,,,JPM大阪府支部 正会員一覧 / 〒573-0032,関電不動産開発,,,,,,,,,,,,,,,
C000198,清掃,（株）コスモハウジング,管理会社,大阪府,枚方市,大阪府枚方市新町1丁目7ー4,,,,,,,,https://www.cosmo-h.co.jp,,未接触,低,FALSE,,業界団体名簿,2026-09-12,,,,JPM大阪府支部 正会員一覧 / 〒573-1191,コスモハウジング,,,,,,,,,,,,,,,
C000199,清掃,（株）サンフィールド,管理会社,大阪府,枚方市,大阪府枚方市春日元町1丁目38-20,,,,,,,,https://sunfield-pm.jp,,未接触,低,FALSE,,業界団体名簿,2026-09-12,,,,JPM大阪府支部 正会員一覧 / 〒573-0135,サンフィールド,,,,,,,,,,,,,,,
C000200,清掃,（株）トラストエージェント,管理会社,大阪府,枚方市,大阪府枚方市岡東町17-5-101,,,,,,,,https://trustagent.co.jp,,未接触,低,FALSE,,業界団体名簿,2026-09-12,,,,JPM大阪府支部 正会員一覧 / 〒573-0032,トラストエージェント,,,,,,,,,,,,,,,
C000201,清掃,（株）Ｂｅｌｌ,管理会社,大阪府,枚方市,大阪府枚方市町楠葉1丁目5-8,,,,,,,,https://bell-hammer.com,,未接触,低,FALSE,,業界団体名簿,2026-09-12,,,,JPM大阪府支部 正会員一覧 / 〒573-1106,Bell,,,,,,,,,,,,,,,
C000202,清掃,（株）ＲｅＬｉｆｅ　Ｐｒｏｐｅｒｔｙ,管理会社,大阪府,枚方市,大阪府枚方市中宮北町2-30松田ビル2F,,,,,,,,,,未接触,低,FALSE,,業界団体名簿,2026-09-12,,,,JPM大阪府支部 正会員一覧 / 〒573-1194,ReLifeProperty,,,,,,,,,,,,,,,
C000203,清掃,（株）アドミニ,管理会社,大阪府,泉大津市,大阪府泉大津市旭町22-55,,,,,,,,https://www.admini.co.jp,,未接触,低,FALSE,,業界団体名簿,2026-09-12,,,,JPM大阪府支部 正会員一覧 / 〒595-0025,アドミニ,,,,,,,,,,,,,,,
C000204,清掃,南光不動産（株）,管理会社,兵庫県,西宮市,兵庫県西宮市生瀬東町15-20,,,,,,,,https://www.foryounanko.co.jp,,未接触,低,FALSE,,業界団体名簿,2026-09-12,,,,JPM大阪府支部 正会員一覧 / 〒669-1103,南光不動産,,,,,,,,,,,,,,,
C000247,清掃,株式会社アパマン,管理会社,大阪府,豊中市,大阪府豊中市本町1-10-8,,,06-6850-3900,,,,,https://apaman.com/,,未接触,高,FALSE,,北摂名簿v2（WebSearch）,2026-09-30,,,,公式会社概要のスニペット。06-6850-3900は管理部、豊中賃貸部06-6850-0222、庄内賃貸部06-4305-4464。アパマンショップ豊中店・庄内店・蛍池店を運営。既存名簿C000020恒和殖産（apamanshop.info）とは別法人の可能性、関係は要確認,アパマン0668503900,高,https://apaman.com/company/,2026-09-30,,,,,,,,,,,,
C000248,清掃,イーエステート株式会社,管理会社,大阪府,豊中市,大阪府豊中市服部豊町1-1-5,,,06-4866-0830,,,,,https://www.e-estate830.com/,,未接触,高,FALSE,,北摂名簿v2（WebSearch）,2026-09-30,,,,公式会社概要スニペット（FAX 06-4866-0831）。豊中市内の賃貸物件多数掲載、管理物件の有無は要確認,イーエステート0648660830,高,https://www.eestate.jp/company,2026-09-30,,,,,,,,,,,,
C000249,清掃,岸岡不動産管理株式会社,管理会社,大阪府,豊中市,大阪府豊中市庄内栄町1-1-9,,,06-6333-2103,,,,,https://www.krem.jp/,,未接触,高,FALSE,,北摂名簿v2（WebSearch）,2026-09-30,,,,登録番号 宅建免許 大阪府知事(5)第50858号（管理業登録番号は未取得）。賃貸管理専門会社（督促・募集代行、賃貸マンション企画・建設）。前回北摂リスト(pm-list-north-osaka.csv)にあり。既存master名簿には無し,岸岡不動産管理0663332103,高,https://www.krem.jp/company/,2026-09-30,,,,,,,,,,,,
C000250,清掃,淀川住宅株式会社,管理会社,大阪府,豊中市,大阪府豊中市宝山町23-10 淀川ビル1F,,,06-6843-8521,,,,,https://yodo-jyutaku.co.jp/,,未接触,高,FALSE,,北摂名簿v2（WebSearch）,2026-09-30,,,,管理戸数 390戸（自社経営管理。豊中・大阪・尼崎・箕面。実績値=公式サイト表記）。自社保有物件の経営管理が中心（貸主業寄り）。営業9:00-17:00、日祝休,淀川住宅0668438521,高,https://yodo-jyutaku.co.jp/,2026-09-30,,,,,,,,,,,,
C000251,清掃,株式会社Create（RE/MAX Create）,管理会社,大阪府,豊中市,大阪府豊中市走井1-3-1,,,06-6836-9188,,,,,https://www.0519.jp/,,未接触,高,FALSE,,北摂名簿v2（WebSearch）,2026-09-30,,,,登録番号 宅建免許 大阪府知事(1)第62800号（管理業登録番号は未取得）。「豊中市の不動産管理会社」を掲げる。管理物件一覧ページあり。FAX 06-6839-9199。設立1997年,Create0668369188,高,https://www.0519.jp/company/,2026-09-30,,,,,,,,,,,,
C000252,清掃,株式会社アシストOSAKA（アシスト豊中店）,管理会社,大阪府,豊中市,大阪府豊中市本町3-1-22 丸正ビル1F（本社: 吹田市江坂町1-13-11 中央江坂ビル2F）,,,06-6848-2221,,,,,https://www.assist-toyonaka.com/,,未接触,高,FALSE,,北摂名簿v2（WebSearch）,2026-09-30,,,,店舗行。豊中店の店舗番号。旧商号アシストリーシング、設立2016年。カソットに「アシスト豊中店」管理会社情報あり。江坂店あり,アシストOSAKA0668482221,高,https://www.assist-toyonaka.com/public?page=store-toyonaka,2026-09-30,,,,,,,,,,,,
C000253,清掃,株式会社アイハウス（ピタットハウス豊中店・緑地公園店）,管理会社,大阪府,豊中市,大阪府豊中市本町1-2-53,,,06-6846-2233,,,,,https://www.pitat.com/shopDetail/toyonaka.html,,未接触,高,FALSE,,北摂名簿v2（WebSearch）,2026-09-30,,,,ピタットハウス公式店舗ページ。取扱業務に賃貸管理。緑地公園店: 寺内2-13-4 緑地MIビル1F 06-6868-8877。ハトマークサイトで本町1丁目に本店登録,アイハウス0668462233,高,https://www.pitat.com/shopDetail/toyonaka.html,2026-09-30,,,,,,,,,,,,
C000254,清掃,西村商事株式会社,管理会社,大阪府,豊中市,大阪府豊中市野田町3-8 メゾン野田208,,,06-6331-2030,,,,,http://www.nishimuracorp.jp/,,未接触,高,FALSE,,北摂名簿v2（WebSearch）,2026-09-30,,,,創業45年。管理物件紹介ページあり。前回北摂リストにあり,西村商事0663312030,高,http://www.nishimuracorp.jp/kanribukken.html,2026-09-30,,,,,,,,,,,,
C000255,清掃,伊藤ハウジング,管理会社,大阪府,豊中市,大阪府豊中市庄内東町4-2-23,,,06-6336-0108,,,,,https://www.ito-h.com/,,未接触,高,FALSE,,北摂名簿v2（WebSearch）,2026-09-30,,,,法人格未確認。庄内・服部近辺の賃貸物件紹介。管理業務の有無は要確認,伊藤ハウジング0663360108,高,https://www.ito-h.com/company.html,2026-09-30,,,,,,,,,,,,
C000256,清掃,株式会社キョウシン 豊中店,管理会社,大阪府,豊中市,大阪府豊中市本町1-2-6 モニュマ豊中ビル1F（本社/事業本部: 吹田市江坂町）,,,,,,,,https://www.kyoshinnet.com/,,未接触,高,FALSE,,北摂名簿v2（WebSearch）,2026-09-30,,,,店舗行。豊中店の電話はスニペットで取れず。江坂本店は別行（06-6338-1331）。取扱にリフォーム対応・賃貸管理業務,キョウシン豊中店,,,,,,,,,,,,,,,
C000257,清掃,服部土地建物,管理会社,大阪府,豊中市,大阪府豊中市服部南町1-2-14,,,06-6862-1557,,,,,,,未接触,高,FALSE,,北摂名簿v2（WebSearch）,2026-09-30,,,,登録番号 宅建免許 大阪府知事(13)第0169230号。ハトマークサイト掲載。法人格未確認。免許更新13回の老舗。貸駐車場等掲載あり、賃貸管理業務の規模は要確認。FAX 06-6862-1511,服部土地建物0668621557,中,https://www.hatomarksite.com/search/zentaku/agent/00072702021,2026-09-30,,,,,,,,,,,,
C000258,清掃,株式会社クラップ,管理会社,大阪府,豊中市,大阪府豊中市曽根東町1-10-31,,,06-6844-4888,,,,,https://clapclap.jp/,,未接触,高,FALSE,,北摂名簿v2（WebSearch）,2026-09-30,,,,賃貸居住用の不動産管理が得意と明記。収益物件コンサルも。前回北摂リストにあり（電話未取得だった）,クラップ0668444888,高,https://clapclap.jp/company,2026-09-30,,,,,,,,,,,,
C000259,清掃,株式会社YumHouse,管理会社,大阪府,豊中市,大阪府豊中市中桜塚1-12-2 エレガンス中桜塚1F,,,06-4866-6680,,,,,,,未接触,高,FALSE,,北摂名簿v2（WebSearch）,2026-09-30,,,,ハトマークサイト掲載。管理業務の有無は未確認。FAX 06-4866-6633,YumHouse0648666680,中,https://www.hatomarksite.com/search/zentaku/agent/00072716215,2026-09-30,,,,,,,,,,,,
C000260,清掃,アサヒ不動産相談室,管理会社,大阪府,豊中市,大阪府豊中市螢池中町2-3-1 ルシオーレB棟128号,,,06-6845-2000,,,,,https://www.asahi-fs.com/,,未接触,高,FALSE,,北摂名簿v2（WebSearch）,2026-09-30,,,,法人格未確認。蛍池地域密着の賃貸情報サイト。FAX 06-6845-2121。管理業務の有無は要確認,アサヒ不動産相談室0668452000,高,https://www.asahi-fs.com/,2026-09-30,,,,,,,,,,,,
C000261,清掃,株式会社ナウ（賃貸住宅サービスFC千里中央ギャラリー）,管理会社,大阪府,豊中市,大阪府豊中市新千里東町1-4-3 シップ千里ビル（本社所在地は未確認）,,,06-6873-4146,,,,,https://www.senchu-cjs.com/,,未接触,高,FALSE,,北摂名簿v2（WebSearch）,2026-09-30,,,,店舗行。公式店舗サイト。株式会社ナウは賃貸仲介＋賃貸管理を行う総合不動産会社。FC庄内駅前店（豊中市庄内西町2-4-3、FAX 06-6151-9997）、江坂店、阪急茨木駅前店、梅田店等も運営。本社の所在地・代表番号は次回要確認（now-c.co.jp/company/）,ナウ0668734146,高,https://www.senchu-cjs.com/u_shop/,2026-09-30,,,,,,,,,,,,
C000262,清掃,賃貸大阪株式会社 蛍池店,管理会社,大阪府,豊中市,大阪府豊中市螢池東町2-5-2-1（本社: 大阪市淀川区東三国1-32-12）,,,06-6392-4446,,,,,https://shop.chintai.ne.jp/hotarugaike/,,未接触,高,FALSE,,北摂名簿v2（WebSearch）,2026-09-30,,,,管理戸数 888戸（会社全体。2025年7月時点、西中島店ページ）。店舗行。電話は本社代表（蛍池店は0078のIP番号のみ、FAX 06-6842-2212）。本社は淀川区の行を参照,賃貸大阪蛍池店0663924446,高,https://shop.chintai.ne.jp/hotarugaike/u_shop/,2026-09-30,,,,,,,,,,,,
C000263,清掃,豊中不動産株式会社,管理会社,大阪府,豊中市,大阪府豊中市中桜塚3-10-33 パルムドール中桜塚1F,,,06-4865-5100,,,,,https://www.toyonaka-f.com/,,未接触,中,FALSE,,北摂名簿v2（WebSearch）,2026-09-30,,,,事業内容は売買仲介・買取・保有。管理物件一覧ページと入居者向けページがあるため保有物件の自主管理と推定→優先度を中に下げた。FAX 06-4865-5115,豊中不動産0648655100,高,https://www.toyonaka-f.com/company/,2026-09-30,,,,,,,,,,,,
C000264,清掃,ファイン不動産株式会社,管理会社,大阪府,豊中市,大阪府豊中市穂積1-1-11,,,,,,,,,,未接触,高,FALSE,,北摂名簿v2（WebSearch）,2026-09-30,,,,ハトマークサイト掲載のみ。電話・管理業務の有無ともに未取得,ファイン不動産,,,,,,,,,,,,,,,
C000265,清掃,株式会社キョウシン（江坂本店・事業本部）,管理会社,大阪府,吹田市,大阪府吹田市江坂町1-17-23 江坂Mビル1F,,,06-6338-1331,,,,,https://www.kyoshinnet.com/,,未接触,高,FALSE,,北摂名簿v2（WebSearch）,2026-09-30,,,,登録番号 宅建免許 大阪府知事(13)第19457号。1976年創業、仲介実績10万件超、不動産管理事業あり。電話はポータル（ホームズ/シャーメゾン）掲載のため中。西淀川区千舟2-8-28にも事業所。豊中店は別行,キョウシン0663381331,中,https://www.kyoshinnet.com/shop/esaka.html,2026-09-30,,,,,,,,,,,,
C000266,清掃,株式会社住宅サービス,管理会社,大阪府,吹田市,大阪府吹田市豊津町17-5 江坂タガミビル2F,,,06-6389-7077,,,,,http://www.jyutaku-sv.co.jp/,,未接触,高,FALSE,,北摂名簿v2（WebSearch）,2026-09-30,,,,事業内容「賃貸住宅の総合管理」。江坂・緑地・箕面・吹田が対応エリア。FAX 06-6389-6785。既存C000130（株）住宅サービス（中央区表記）と同一か要確認。既存C000008ストライドと同住所,住宅サービス0663897077,高,http://www.jyutaku-sv.co.jp/company/index.html,2026-09-30,,,,,,,,,,,,
C000267,清掃,マック住研株式会社,管理会社,大阪府,吹田市,大阪府吹田市千里山東2-26-25,,,06-6389-5111,,,,,https://macj.fudousan-joho.co.jp/,,未接触,高,FALSE,,北摂名簿v2（WebSearch）,2026-09-30,,,,千里山近郊の不動産情報サイト。管理業務の有無は未確認。電話はスニペット（ポータル系）のため中,マック住研0663895111,中,https://macj.fudousan-joho.co.jp/,2026-09-30,,,,,,,,,,,,
C000268,清掃,ハウス住宅管理有限会社（ピタットハウス南千里店）,管理会社,大阪府,吹田市,大阪府吹田市千里山竹園2-25-5,,,06-6192-3001,,,,,https://www.ph0077.com/,,未接触,高,FALSE,,北摂名簿v2（WebSearch）,2026-09-30,,,,取扱業務に賃貸管理。高槻市の「ハウス住宅管理株式会社」とは別法人。FAX 06-6192-3002,ハウス住宅管理0661923001,高,https://www.ph0077.com/company,2026-09-30,,,,,,,,,,,,
C000269,清掃,株式会社FACE（賃貸住宅サービスNetWork JR吹田店）,管理会社,大阪府,吹田市,大阪府吹田市元町5-23,,,,,,,,,,未接触,高,FALSE,,北摂名簿v2（WebSearch）,2026-09-30,,,,電話未取得。管理業務の有無も未確認（賃貸仲介FC店）,FACE,,,,,,,,,,,,,,,
C000270,清掃,箕面ハウジング株式会社,管理会社,大阪府,箕面市,大阪府箕面市桜1-1-9,,,072-723-7955,,,,,https://www.minoh-housing.jp/,,未接触,高,FALSE,,北摂名簿v2（WebSearch）,2026-09-30,,,,昭和45年創業。売買・買取・賃貸仲介・賃貸管理・駐車場。前回北摂リストにあり（電話未取得だった）,箕面ハウジング0727237955,高,https://www.minoh-housing.jp/company/,2026-09-30,,,,,,,,,,,,
C000271,清掃,ヴィル・フォーレ,管理会社,大阪府,箕面市,大阪府箕面市牧落3-3-13-101,,,072-725-5533,,,,,http://villeforet.jp/,,未接触,高,FALSE,,北摂名簿v2（WebSearch）,2026-09-30,,,,法人格未確認。地域密着20年、「数多くの貸主様の物件を管理・募集」と明記。全日（ラビーネット）会員,ヴィル・フォーレ0727255533,中,https://townpage.goo.ne.jp/shopdetail.php?matomeid=274718374300000899,2026-09-30,,,,,,,,,,,,
C000272,清掃,株式会社マザーホーム,管理会社,大阪府,箕面市,大阪府箕面市（町名未確認）,,,,,,,,http://www.mother-home.co.jp/,,未接触,高,FALSE,,北摂名簿v2（WebSearch）,2026-09-30,,,,登録番号 賃貸住宅管理業 (02)第0000415号（フドーノ掲載値、要照合）。電話未取得。箕面市・池田市の売買・賃貸・管理を掲げる。前回北摂リストにあり,マザーホーム,,,,,,,,,,,,,,,
C000273,清掃,有限会社池田産業,管理会社,大阪府,箕面市,大阪府箕面市（町名未確認）,,,,,,,,,,未接触,高,FALSE,,北摂名簿v2（WebSearch）,2026-09-30,,,,登録番号 賃貸住宅管理業 (01)第0005346号（フドーノ掲載値、要照合）。電話・住所未取得。前回北摂リストにあり。管理業登録があるため次回要裏取り,池田産業,,,,,,,,,,,,,,,
C000274,清掃,箕面不動産市場株式会社,管理会社,大阪府,箕面市,大阪府箕面市（箕面駅徒歩1分、町名未確認）,,,,,,,,https://www.minoh-ichiba.jp/,,未接触,高,FALSE,,北摂名簿v2（WebSearch）,2026-09-30,,,,電話未取得。賃貸・売買。管理業務の有無は未確認,箕面不動産市場,,,,,,,,,,,,,,,
C000275,清掃,株式会社石橋不動産,管理会社,大阪府,池田市,大阪府池田市石橋2-17-12A,,,072-761-8117,,,,,,,未接触,高,FALSE,,北摂名簿v2（WebSearch）,2026-09-30,,,,ハトマークサイト掲載。管理業務の有無は未確認。FAX 072-761-8399,石橋不動産0727618117,中,https://www.hatomarksite.com/search/zentaku/agent/00072702346,2026-09-30,,,,,,,,,,,,
C000276,清掃,株式会社ズームアセットマネジメント,管理会社,大阪府,池田市,大阪府池田市石橋2-15-27 アクアピュア3F,,,072-763-0077,,,,,https://zoom-web.jp/,,未接触,高,FALSE,,北摂名簿v2（WebSearch）,2026-09-30,,,,相続設計・サブリース・集合住宅/テナントビルの賃貸管理・コインパーキング。同グループの株式会社ズームがアパマンショップ石橋店を運営。電話はYahoo!マップ/いえらぶ掲載のため中。既存C000165（株）ズーム（西区表記）と同一か要確認,ズームアセットマネジメント0727630077,中,https://zoom-web.jp/,2026-09-30,,,,,,,,,,,,
C000277,清掃,有限会社不動産総合管理センター,管理会社,大阪府,池田市,大阪府池田市石橋1-14-13-2F,,,,,,,,,,未接触,高,FALSE,,北摂名簿v2（WebSearch）,2026-09-30,,,,登録番号 宅建免許 大阪府知事(06)第044582号。電話未取得。社名から賃貸管理主体と推定、要裏取り,不動産総合管理センター,,,,,,,,,,,,,,,
C000278,清掃,株式会社ニチレク（ピタットハウス池田店）,管理会社,大阪府,池田市,大阪府池田市（町名未確認）,,,,,,,,https://www.fudosan-nichireku.com/,,未接触,高,FALSE,,北摂名簿v2（WebSearch）,2026-09-30,,,,電話未取得。オーナー向け賃貸管理ページあり。前回北摂リストにあり,ニチレク,,,,,,,,,,,,,,,
C000279,清掃,三福不動産株式会社,管理会社,兵庫県,伊丹市,兵庫県伊丹市荻野3-140-2,,,072-775-0329,,,,,https://www.0329.co.jp/,,未接触,高,FALSE,,北摂名簿v2（WebSearch）,2026-09-30,,,,昭和45年創業、50年以上地域密着。賃貸仲介・管理で多数実績と明記。火水定休,三福不動産0727750329,高,https://www.0329.co.jp/company,2026-09-30,,,,,,,,,,,,
C000280,清掃,光栄住宅株式会社,管理会社,兵庫県,伊丹市,兵庫県伊丹市中央1-9-14,,,072-772-1088,,,,,https://koei-net.com/,,未接触,高,FALSE,,北摂名簿v2（WebSearch）,2026-09-30,,,,昭和46年創業。管理（居住用・事業用・月極駐車場）を事業に明記。火水定休,光栄住宅0727721088,高,https://koei-net.com/about/,2026-09-30,,,,,,,,,,,,
C000281,清掃,株式会社フィット（ピタットハウス阪急伊丹店）,管理会社,兵庫県,伊丹市,兵庫県伊丹市中央1-5-27,,,072-771-6727,,,,,https://www.pitami.com/,,未接触,高,FALSE,,北摂名簿v2（WebSearch）,2026-09-30,,,,取扱業務に賃貸管理。資本金300万円の小規模法人,フィット0727716727,高,https://www.pitat.com/shopDetail/hankyuitami.html,2026-09-30,,,,,,,,,,,,
C000282,清掃,株式会社リビング建物管理,管理会社,兵庫県,伊丹市,兵庫県伊丹市北伊丹2-60,,,072-771-7100,,,,,,,未接触,高,FALSE,,北摂名簿v2（WebSearch）,2026-09-30,,,,NAVITIME掲載。社名は建物管理だが賃貸管理か分譲管理か未確認→要裏取り,リビング建物管理0727717100,中,https://www.navitime.co.jp/poi?spot=00011-061195460,2026-09-30,,,,,,,,,,,,
C000283,清掃,山本産業株式会社,管理会社,兵庫県,伊丹市,兵庫県伊丹市緑ケ丘6-43-4,,,072-775-2367,,,,,https://www.yamamotosan.jp/,,未接触,高,FALSE,,北摂名簿v2（WebSearch）,2026-09-30,,,,「伊丹市 賃貸 敷金礼金ゼロ」を掲げる自社賃貸系。自主管理の可能性。電話はスニペット集約のため中,山本産業0727752367,中,https://www.yamamotosan.jp/,2026-09-30,,,,,,,,,,,,
C000284,清掃,株式会社ケントコーポレーション（リロの不動産 伊丹店）,管理会社,兵庫県,伊丹市,兵庫県伊丹市西台3-9-20 アシビル3F（本社: 大阪市北区梅田1-3-1 大阪駅前第一ビル 06-6344-3000）,,,072-778-9350,,,,,https://www.relo-itami.jp/,,未接触,高,FALSE,,北摂名簿v2（WebSearch）,2026-09-30,,,,店舗行。店舗番号。取扱に賃貸管理業務・リフォーム対応。本社は北区（対象3群）,ケントコーポレーション0727789350,高,https://relo-fudosan.jp/company/shop/itami/,2026-09-30,,,,,,,,,,,,
C000285,清掃,らいおん不動産,管理会社,兵庫県,伊丹市,兵庫県伊丹市（町名未確認）,,,,,,,,https://lionfudousan.com/,,未接触,高,FALSE,,北摂名簿v2（WebSearch）,2026-09-30,,,,法人名・電話未取得。不動産テック活用の賃貸管理を掲げる。前回北摂リストにあり,らいおん不動産,,,,,,,,,,,,,,,
C000286,清掃,賃貸大阪株式会社（新大阪本店）,管理会社,大阪府,大阪市淀川区,大阪府大阪市淀川区東三国1-32-12 ヴァンデュール新大阪CityLife1F,,,06-6392-4446,,,,,https://www.chintai.ne.jp/,,未接触,中,FALSE,,北摂名簿v2（WebSearch）,2026-09-30,,,,管理戸数 888戸（2025年7月時点、入居率95%。西中島店ページ表記）。2007年設立、従業員52名（SalesNow）。賃貸仲介・管理・売買。西中島店（西中島3-19-13）・蛍池店・福島店あり。FAX 06-6392-4447,賃貸大阪0663924446,高,https://www.chintai.ne.jp/company.html,2026-09-30,,,,,,,,,,,,
C000287,清掃,森岡不動産商事,管理会社,大阪府,大阪市淀川区,大阪府大阪市淀川区十三東2-11-8,,,06-6309-0486,,,,,http://moriokafudousan.com/,,未接触,中,FALSE,,北摂名簿v2（WebSearch）,2026-09-30,,,,創業40年、賃貸マンション・オフィス・店舗・倉庫の総合不動産管理会社と明記。法人格未確認（個人事業の可能性）,森岡不動産商事0663090486,中,https://www.fudousan.or.jp/property/agency/detail?id=00a589726935a005,2026-09-30,,,,,,,,,,,,
C000288,清掃,株式会社アーバンホーム,管理会社,大阪府,大阪市淀川区,大阪府大阪市淀川区西中島6-7-12,,,06-6390-0620,,,,,https://www.urban-home.ne.jp/,,未接触,中,FALSE,,北摂名簿v2（WebSearch）,2026-09-30,,,,自社管理物件多数と明記。対応エリア: 淀川・東淀川・西淀川区、豊中・吹田・池田市。全日会員,アーバンホーム0663900620,高,https://www.urban-home.ne.jp/company,2026-09-30,,,,,,,,,,,,
C000289,清掃,株式会社アイシティ住宅サービス,管理会社,大阪府,大阪市淀川区,大阪府大阪市淀川区西宮原1-8-1 ロイヤルハイツ新大阪1F,,,06-6397-8000,,,,,https://www.ai-city-chintai.com/,,未接触,中,FALSE,,北摂名簿v2（WebSearch）,2026-09-30,,,,地域密着20年以上。年中無休。貸事務所部門（ai-city.com）あり,アイシティ住宅サービス0663978000,高,https://www.ai-city-chintai.com/company/,2026-09-30,,,,,,,,,,,,
C000290,清掃,第一不動産株式会社,管理会社,大阪府,大阪市東淀川区,大阪府大阪市東淀川区淡路4-8-17,,,06-6323-0233,,,,,https://www.e-dai1.jp/,,未接触,中,FALSE,,北摂名簿v2（WebSearch）,2026-09-30,,,,1967年創業。取扱物件 東淀川区192件（淡路85・上新庄44・だいどう豊里39）。賃貸管理業務・24時間管理。FAX 06-6323-1212,第一不動産0663230233,高,https://www.e-dai1.jp/company/,2026-09-30,,,,,,,,,,,,
C000291,清掃,株式会社住宅ファミリー社,管理会社,大阪府,大阪市東淀川区,大阪府大阪市東淀川区菅原5-5-27 アミル8 1F,,,06-6327-6633,,,,,https://www.jyuutaku-family.co.jp/,,未接触,中,FALSE,,北摂名簿v2（WebSearch）,2026-09-30,,,,創業37年以上。貸主業・管理業・相続コンサルを事業に明記。前回北摂リストにあり（法人名未確認だった→確定）,住宅ファミリー社0663276633,高,https://www.jyuutaku-family.co.jp/company/,2026-09-30,,,,,,,,,,,,
C000292,清掃,ゆたか管理サービス（新庄製材有限会社）,管理会社,大阪府,大阪市東淀川区,大阪府大阪市東淀川区下新庄6-10-19,,,06-4809-8006,,,,,https://www.yutaka-ks.jp/,,未接触,中,FALSE,,北摂名簿v2（WebSearch）,2026-09-30,,,,法人名は新庄製材有限会社。賃貸管理専門を掲げる。9:00-20:00無休。FAX 06-4809-8009,ゆたか管理サービス0648098006,高,https://www.yutaka-ks.jp/,2026-09-30,,,,,,,,,,,,
C000293,清掃,コスモハウジング株式会社,管理会社,大阪府,大阪市東淀川区,大阪府大阪市東淀川区瑞光1-11-5,,,06-6370-8100,,,,,https://www.cosmoh.jp/,,未接触,中,FALSE,,北摂名簿v2（WebSearch）,2026-09-30,,,,32年以上、管理専任物件ページあり。既存C000198（株）コスモハウジング（枚方市表記）は八尾市の同名別会社（cosmo-h.co.jp）の可能性が高く要確認。FAX 06-6370-8200,コスモハウジング0663708100,高,https://www.cosmoh.jp/company/,2026-09-30,,,,,,,,,,,,
C000294,清掃,有限会社住宅情報館（塚本ハウジング）,管理会社,大阪府,大阪市西淀川区,大阪府大阪市西淀川区柏里3-1-38 塚本駅前ビル,,,06-6477-4556,,,,,https://www.tukahou.co.jp/,,未接触,中,FALSE,,北摂名簿v2（WebSearch）,2026-09-30,,,,"登録番号 宅建免許 大阪府知事(4)第45371号。事業内容: 賃貸・売買・仲介・管理・収益。資本金1,000万円。御幣島に店舗（tukahou.com）",住宅情報館0664774556,高,https://www.tukahou.co.jp/company/,2026-09-30,,,,,,,,,,,,
C000295,清掃,株式会社ランドル,管理会社,大阪府,大阪市西淀川区,大阪府大阪市西淀川区野里2-2-4,,,0120-536-596,,,,,https://www.randle.co.jp/,,未接触,中,FALSE,,北摂名簿v2（WebSearch）,2026-09-30,,,,公式サイトはフリーダイヤルのみ掲載（固定番号は未取得）。1996年設立、従業員15名。賃貸管理（募集〜退去後リフォーム）ページあり,ランドル0120536596,高,https://www.randle.co.jp/company/index.html,2026-09-30,,,,,,,,,,,,
C000296,清掃,株式会社クリエイト建物管理,管理会社,大阪府,大阪市福島区,大阪府大阪市福島区大開1-1-1 桂文ビル1F,,,06-6465-6230,,,,,http://www.create-tk.net/,,未接触,中,FALSE,,北摂名簿v2（WebSearch）,2026-09-30,,,,福島・西・西淀川・北・此花区が対応エリア。FAX 06-6465-6262,クリエイト建物管理0664656230,高,http://www.create-tk.net/,2026-09-30,,,,,,,,,,,,
C000297,清掃,株式会社アドラー,管理会社,大阪府,茨木市,大阪府茨木市双葉町4-21-201,,,072-638-0500,,,,,https://adler-re.com/,,未接触,中,FALSE,,北摂名簿v2（WebSearch）,2026-09-30,,,,売買・賃貸・管理を掲げる小規模法人,アドラー0726380500,高,https://adler-re.com/,2026-09-30,,,,,,,,,,,,
C000298,清掃,株式会社ニッケイ,管理会社,大阪府,茨木市,大阪府茨木市東奈良3-11-32,,,072-630-5533,,,,,https://www.nikkei-jyutaku.co.jp/,,未接触,中,FALSE,,北摂名簿v2（WebSearch）,2026-09-30,,,,登録番号 宅建免許 知事(7)第42518号。賃貸住宅管理業者登録あり（番号未取得）。家賃集金代行・リフォーム手配等。全宅管理会員。FAX 072-630-5530,ニッケイ0726305533,高,https://www.nikkei-jyutaku.co.jp/,2026-09-30,,,,,,,,,,,,
C000299,清掃,栄進不動産,管理会社,大阪府,摂津市,大阪府摂津市鳥飼中1-2-5-105 マンハイム淀川公園1F,,,072-653-3900,,,,,https://www.eishin-home.jp/,,未接触,中,FALSE,,北摂名簿v2（WebSearch）,2026-09-30,,,,法人格未確認。管理業務の有無は未確認,栄進不動産0726533900,中,https://www.eishin-home.jp/,2026-09-30,,,,,,,,,,,,
C000300,清掃,協同不動産株式会社,管理会社,大阪府,摂津市,大阪府摂津市（町名未確認）,,,,,,,,https://www.kyodofudousan.com/,,未接触,中,FALSE,,北摂名簿v2（WebSearch）,2026-09-30,,,,電話・町名未取得。既存C000071協同グループ（摂津市千里丘東3-7-27）と関連の可能性,協同不動産,,,,,,,,,,,,,,,
C000301,清掃,ハウス住宅管理株式会社,管理会社,大阪府,高槻市,大阪府高槻市富田町3-3-12,,,072-695-3300,,,,,https://www.3300.org/,,未接触,中,FALSE,,北摂名簿v2（WebSearch）,2026-09-30,,,,北摂のテナント・管理。吹田市の「ハウス住宅管理有限会社」とは別法人。FAX 072-692-7000,ハウス住宅管理0726953300,高,https://www.3300.org/company,2026-09-30,,,,,,,,,,,,
C000302,清掃,株式会社オネスティー,管理会社,大阪府,高槻市,大阪府高槻市（町名未確認）,,,,,,,,https://www.honestyhome.jp/,,未接触,中,FALSE,,北摂名簿v2（WebSearch）,2026-09-30,,,,"賃貸仲介・賃貸管理・売買。総物件数2,132件表記。電話・所在地町名は未取得",オネスティー,,,,,,,,,,,,,,,
