優先度,会社名,本社所在地,代表電話,公式URL,賃貸管理業登録番号,管理戸数,自社工事部門,拠点駅・エリア,情報源URL,電話確度,取得日,備考
高,株式会社アパマン,大阪府豊中市本町1-10-8,06-6850-3900,https://apaman.com/,,,不明,阪急豊中駅（本町）,https://apaman.com/company/,高,2026-09-30,公式会社概要のスニペット。06-6850-3900は管理部、豊中賃貸部06-6850-0222、庄内賃貸部06-4305-4464。アパマンショップ豊中店・庄内店・蛍池店を運営。既存名簿C000020恒和殖産（apamanshop.info）とは別法人の可能性、関係は要確認
高,イーエステート株式会社,大阪府豊中市服部豊町1-1-5,06-4866-0830,https://www.e-estate830.com/,,,不明,服部天神・曽根,https://www.eestate.jp/company,高,2026-09-30,公式会社概要スニペット（FAX 06-4866-0831）。豊中市内の賃貸物件多数掲載、管理物件の有無は要確認
高,岸岡不動産管理株式会社,大阪府豊中市庄内栄町1-1-9,06-6333-2103,https://www.krem.jp/,宅建免許 大阪府知事(5)第50858号（管理業登録番号は未取得）,,不明,阪急庄内,https://www.krem.jp/company/,高,2026-09-30,賃貸管理専門会社（督促・募集代行、賃貸マンション企画・建設）。前回北摂リスト(pm-list-north-osaka.csv)にあり。既存master名簿には無し
高,淀川住宅株式会社,大阪府豊中市宝山町23-10 淀川ビル1F,06-6843-8521,https://yodo-jyutaku.co.jp/,,390戸（自社経営管理。豊中・大阪・尼崎・箕面。実績値=公式サイト表記）,不明,阪急豊中・岡町,https://yodo-jyutaku.co.jp/,高,2026-09-30,自社保有物件の経営管理が中心（貸主業寄り）。営業9:00-17:00、日祝休
高,株式会社Create（RE/MAX Create）,大阪府豊中市走井1-3-1,06-6836-9188,https://www.0519.jp/,宅建免許 大阪府知事(1)第62800号（管理業登録番号は未取得）,,あり（事業に「不動産建築」を含む。実態は要確認）,豊中駅徒歩20分（走井）,https://www.0519.jp/company/,高,2026-09-30,「豊中市の不動産管理会社」を掲げる。管理物件一覧ページあり。FAX 06-6839-9199。設立1997年
高,株式会社成都管理サービス,大阪府豊中市岡上の町3-7-1 TAOビルディング6F,06-4865-5150,https://www.seito-kanri-service.com/,国土交通大臣(2)第000478号,"14,600戸（公式サイト表記）",不明,阪急岡町,https://www.seito-kanri-service.com/company/,高,2026-09-30,既存名簿にあり（C000014。既存は池田市石橋表記だが公式の本社は豊中市岡上の町）。既存C000019生和アメニティと同住所→生和グループ傘下の可能性。北摂で仲介12店舗、サブリースも対応
高,株式会社アシストOSAKA（アシスト豊中店）,店舗: 大阪府豊中市本町3-1-22 丸正ビル1F（本社: 吹田市江坂町1-13-11 中央江坂ビル2F）,06-6848-2221,https://www.assist-toyonaka.com/,,,不明,阪急豊中駅北出口徒歩1分,https://www.assist-toyonaka.com/public?page=store-toyonaka,高,2026-09-30,豊中店の店舗番号。旧商号アシストリーシング、設立2016年。カソットに「アシスト豊中店」管理会社情報あり。江坂店あり
高,株式会社アイハウス（ピタットハウス豊中店・緑地公園店）,大阪府豊中市本町1-2-53,06-6846-2233,https://www.pitat.com/shopDetail/toyonaka.html,,,不明,阪急豊中駅（本町）／緑地公園,https://www.pitat.com/shopDetail/toyonaka.html,高,2026-09-30,ピタットハウス公式店舗ページ。取扱業務に賃貸管理。緑地公園店: 寺内2-13-4 緑地MIビル1F 06-6868-8877。ハトマークサイトで本町1丁目に本店登録
高,西村商事株式会社,大阪府豊中市野田町3-8 メゾン野田208,06-6331-2030,http://www.nishimuracorp.jp/,,,あり（賃貸マンションの建築・分譲も手掛ける）,庄内・服部・曽根,http://www.nishimuracorp.jp/kanribukken.html,高,2026-09-30,創業45年。管理物件紹介ページあり。前回北摂リストにあり
高,伊藤ハウジング,大阪府豊中市庄内東町4-2-23,06-6336-0108,https://www.ito-h.com/,,,不明,阪急庄内・服部,https://www.ito-h.com/company.html,高,2026-09-30,法人格未確認。庄内・服部近辺の賃貸物件紹介。管理業務の有無は要確認
高,服部ライフサポート株式会社,大阪府豊中市服部寿町2-17-20,06-6862-7000,https://hattori-ls.com/,,,不明,服部天神,https://hattori-ls.com/business/management/chintai/,中,2026-09-30,既存名簿にあり（C000017）。賃貸管理サービスページあり（入居率97%表記）。電話は既存名簿のマピオン出典のため中
高,株式会社キョウシン 豊中店,店舗: 大阪府豊中市本町1-2-6 モニュマ豊中ビル1F（本社/事業本部: 吹田市江坂町）,,https://www.kyoshinnet.com/,,,不明,阪急豊中駅徒歩2分,https://www.kyoshinnet.com/company-3306/,低,2026-09-30,豊中店の電話はスニペットで取れず。江坂本店は別行（06-6338-1331）。取扱にリフォーム対応・賃貸管理業務
高,服部土地建物,大阪府豊中市服部南町1-2-14,06-6862-1557,,宅建免許 大阪府知事(13)第0169230号,,不明,服部天神駅徒歩2分,https://www.hatomarksite.com/search/zentaku/agent/00072702021,中,2026-09-30,ハトマークサイト掲載。法人格未確認。免許更新13回の老舗。貸駐車場等掲載あり、賃貸管理業務の規模は要確認。FAX 06-6862-1511
高,株式会社クラップ,大阪府豊中市曽根東町1-10-31,06-6844-4888,https://clapclap.jp/,,,不明,阪急曽根駅徒歩2分,https://clapclap.jp/company,高,2026-09-30,賃貸居住用の不動産管理が得意と明記。収益物件コンサルも。前回北摂リストにあり（電話未取得だった）
高,株式会社YumHouse,大阪府豊中市中桜塚1-12-2 エレガンス中桜塚1F,06-4866-6680,,,,不明,阪急岡町駅徒歩7分,https://www.hatomarksite.com/search/zentaku/agent/00072716215,中,2026-09-30,ハトマークサイト掲載。管理業務の有無は未確認。FAX 06-4866-6633
高,アサヒ不動産相談室,大阪府豊中市螢池中町2-3-1 ルシオーレB棟128号,06-6845-2000,https://www.asahi-fs.com/,,,不明,阪急蛍池駅,https://www.asahi-fs.com/,高,2026-09-30,法人格未確認。蛍池地域密着の賃貸情報サイト。FAX 06-6845-2121。管理業務の有無は要確認
高,株式会社ケーティージー,大阪府豊中市東豊中町4-1-16,06-6848-5544,http://www.ktg-ltd.com/,,,不明,桃山台（東豊中）,https://www.rakumachi.jp/ooyasan/company/4489/4657/show.html,高,2026-09-30,既存名簿にあり（C000149。既存は天王寺区表記だが所在は豊中市）。オーナー向け受託システムを掲げる。設立2012年。既存C000020恒和殖産と同住所（同一ビル）。注: 前回北摂リストで06-6848-5544を興和アシスト不動産部としていたのは誤りで、この番号はケーティージー
高,平山住研株式会社,大阪府豊中市新千里西町1-1-4,06-6150-0888,https://www.hirajyu.co.jp/,,,不明,千里中央,https://www.hirajyu.co.jp/contact.html,高,2026-09-30,既存名簿にあり（C000016）。今回の検索では新規情報なし（既存の電話を転記）
高,株式会社三共ハウステック,大阪府豊中市北条町2-6-1,06-6333-6004,,,,不明,庄内,https://townpage.goo.ne.jp/shopdetail.php?matomeid=270014302300000899,中,2026-09-30,既存名簿にあり（C000018）。今回の検索では新規情報なし（既存の電話を転記）
高,株式会社恒和殖産（アパマンショップ運営）,大阪府豊中市東豊中町4-1-16,06-4797-4774,https://apamanshop.info/,,,不明,東豊中,https://apamanshop.info/company/,高,2026-09-30,既存名簿にあり（C000020）。日管協大阪府支部正会員。株式会社ケーティージーと同住所
高,株式会社EASTコーポレーション,大阪府豊中市中桜塚4-13-13,072-822-9999,https://www.east-net.jp/,,,不明,岡町,https://www.east-net.jp/company/,高,2026-09-30,既存名簿にあり（C000021）。電話が072（寝屋川局番）のため本社機能の所在は要確認
高,株式会社ナウ（賃貸住宅サービスFC千里中央ギャラリー）,店舗: 大阪府豊中市新千里東町1-4-3 シップ千里ビル（本社所在地は未確認）,06-6873-4146,https://www.senchu-cjs.com/,,,不明,千里中央,https://www.senchu-cjs.com/u_shop/,高,2026-09-30,公式店舗サイト。株式会社ナウは賃貸仲介＋賃貸管理を行う総合不動産会社。FC庄内駅前店（豊中市庄内西町2-4-3、FAX 06-6151-9997）、江坂店、阪急茨木駅前店、梅田店等も運営。本社の所在地・代表番号は次回要確認（now-c.co.jp/company/）
高,賃貸大阪株式会社 蛍池店,店舗: 大阪府豊中市螢池東町2-5-2-1（本社: 大阪市淀川区東三国1-32-12）,06-6392-4446,https://shop.chintai.ne.jp/hotarugaike/,,888戸（会社全体。2025年7月時点、西中島店ページ）,不明,阪急蛍池駅,https://shop.chintai.ne.jp/hotarugaike/u_shop/,高,2026-09-30,電話は本社代表（蛍池店は0078のIP番号のみ、FAX 06-6842-2212）。本社は淀川区の行を参照
中,豊中不動産株式会社,大阪府豊中市中桜塚3-10-33 パルムドール中桜塚1F,06-4865-5100,https://www.toyonaka-f.com/,,,不明,阪急岡町駅徒歩8分,https://www.toyonaka-f.com/company/,高,2026-09-30,事業内容は売買仲介・買取・保有。管理物件一覧ページと入居者向けページがあるため保有物件の自主管理と推定→優先度を中に下げた。FAX 06-4865-5115
高,ファイン不動産株式会社,大阪府豊中市穂積1-1-11,,,,,不明,阪急庄内駅徒歩5分,https://www.hatomarksite.com/search/zentaku/agent/00072715974,低,2026-09-30,ハトマークサイト掲載のみ。電話・管理業務の有無ともに未取得
低,パナソニック ホームズ不動産（パナソニックホームズグループ）,大阪府豊中市新千里西町1-1-4 10F,06-6834-3816,,,,あり（大手ハウスメーカー系）,千里中央,https://www.rakumachi.jp/ooyasan/company/29793/17175/show.html,中,2026-09-30,参考区分（大手ハウスメーカー系・自社工事あり）。既存名簿にあり（C000015）
高,株式会社キョウシン（江坂本店・事業本部）,大阪府吹田市江坂町1-17-23 江坂Mビル1F,06-6338-1331,https://www.kyoshinnet.com/,宅建免許 大阪府知事(13)第19457号,,不明,御堂筋線江坂,https://www.kyoshinnet.com/shop/esaka.html,中,2026-09-30,1976年創業、仲介実績10万件超、不動産管理事業あり。電話はポータル（ホームズ/シャーメゾン）掲載のため中。西淀川区千舟2-8-28にも事業所。豊中店は別行
高,株式会社住宅サービス,大阪府吹田市豊津町17-5 江坂タガミビル2F,06-6389-7077,http://www.jyutaku-sv.co.jp/,,,不明,江坂駅徒歩4分,http://www.jyutaku-sv.co.jp/company/index.html,高,2026-09-30,事業内容「賃貸住宅の総合管理」。江坂・緑地・箕面・吹田が対応エリア。FAX 06-6389-6785。既存C000130（株）住宅サービス（中央区表記）と同一か要確認。既存C000008ストライドと同住所
高,江坂リアルティ株式会社,大阪府吹田市垂水町3-30-13 ライブビルディング202,06-6330-1000,https://www.esaka-realty.com/,,,不明,江坂,https://www.hatomarksite.com/search/zentaku/agent/00072714452,中,2026-09-30,既存名簿にあり（C000057。既存は淀川区表記）。日管協会員。賃貸管理業務・リフォーム対応。既存C000012 SK不動産と同住所。土日定休
高,マック住研株式会社,大阪府吹田市千里山東2-26-25,06-6389-5111,https://macj.fudousan-joho.co.jp/,,,不明,阪急千里山,https://macj.fudousan-joho.co.jp/,中,2026-09-30,千里山近郊の不動産情報サイト。管理業務の有無は未確認。電話はスニペット（ポータル系）のため中
高,ハウス住宅管理有限会社（ピタットハウス南千里店）,大阪府吹田市千里山竹園2-25-5,06-6192-3001,https://www.ph0077.com/,,,あり（取扱に建築・設計・リフォーム。実態は要確認）,阪急南千里駅徒歩10分,https://www.ph0077.com/company,高,2026-09-30,取扱業務に賃貸管理。高槻市の「ハウス住宅管理株式会社」とは別法人。FAX 06-6192-3002
高,株式会社FACE（賃貸住宅サービスNetWork JR吹田店）,大阪府吹田市元町5-23,,,,,不明,JR吹田駅徒歩1分,https://www.homes.co.jp/realtor/mid-104175hw4-eVIu59mM/,低,2026-09-30,電話未取得。管理業務の有無も未確認（賃貸仲介FC店）
高,箕面ハウジング株式会社,大阪府箕面市桜1-1-9,072-723-7955,https://www.minoh-housing.jp/,,,不明,阪急牧落駅徒歩3分,https://www.minoh-housing.jp/company/,高,2026-09-30,昭和45年創業。売買・買取・賃貸仲介・賃貸管理・駐車場。前回北摂リストにあり（電話未取得だった）
高,ヴィル・フォーレ,大阪府箕面市牧落3-3-13-101,072-725-5533,http://villeforet.jp/,,,あり（建築請負を業務に含む。実態は要確認）,阪急牧落,https://townpage.goo.ne.jp/shopdetail.php?matomeid=274718374300000899,中,2026-09-30,法人格未確認。地域密着20年、「数多くの貸主様の物件を管理・募集」と明記。全日（ラビーネット）会員
高,株式会社マザーホーム,大阪府箕面市（町名未確認）,,http://www.mother-home.co.jp/,賃貸住宅管理業 (02)第0000415号（フドーノ掲載値、要照合）,,不明,箕面・池田,http://www.mother-home.co.jp/,低,2026-09-30,電話未取得。箕面市・池田市の売買・賃貸・管理を掲げる。前回北摂リストにあり
高,有限会社池田産業,大阪府箕面市（町名未確認）,,,賃貸住宅管理業 (01)第0005346号（フドーノ掲載値、要照合）,,不明,箕面,https://fudono.com/%E8%B3%83%E8%B2%B8%E7%AE%A1%E7%90%86%E4%BC%9A%E7%A4%BE/s/%E5%A4%A7%E9%98%AA%E5%BA%9C/%E7%AE%95%E9%9D%A2%E5%B8%82/,低,2026-09-30,電話・住所未取得。前回北摂リストにあり。管理業登録があるため次回要裏取り
高,箕面不動産市場株式会社,大阪府箕面市（箕面駅徒歩1分、町名未確認）,,https://www.minoh-ichiba.jp/,,,不明,阪急箕面駅,https://www.athome.co.jp/ahki/minoofudosanichiba.html,低,2026-09-30,電話未取得。賃貸・売買。管理業務の有無は未確認
高,株式会社石橋不動産,大阪府池田市石橋2-17-12A,072-761-8117,,,,不明,阪急石橋阪大前,https://www.hatomarksite.com/search/zentaku/agent/00072702346,中,2026-09-30,ハトマークサイト掲載。管理業務の有無は未確認。FAX 072-761-8399
高,株式会社ズームアセットマネジメント,大阪府池田市石橋2-15-27 アクアピュア3F,072-763-0077,https://zoom-web.jp/,,,不明,阪急石橋阪大前,https://zoom-web.jp/,中,2026-09-30,相続設計・サブリース・集合住宅/テナントビルの賃貸管理・コインパーキング。同グループの株式会社ズームがアパマンショップ石橋店を運営。電話はYahoo!マップ/いえらぶ掲載のため中。既存C000165（株）ズーム（西区表記）と同一か要確認
高,有限会社不動産総合管理センター,大阪府池田市石橋1-14-13-2F,,,宅建免許 大阪府知事(06)第044582号,,不明,阪急石橋阪大前,http://estate.sesh.jp/corp/detail/61900,低,2026-09-30,電話未取得。社名から賃貸管理主体と推定、要裏取り
高,株式会社ニチレク（ピタットハウス池田店）,大阪府池田市（町名未確認）,,https://www.fudosan-nichireku.com/,,,不明,阪急池田,https://www.fudosan-nichireku.com/contents/rent-owner/,低,2026-09-30,電話未取得。オーナー向け賃貸管理ページあり。前回北摂リストにあり
高,三福不動産株式会社,兵庫県伊丹市荻野3-140-2,072-775-0329,https://www.0329.co.jp/,,,あり（リノベーション推進・新築分譲。工事部門の有無は要確認）,伊丹（荻野）,https://www.0329.co.jp/company,高,2026-09-30,昭和45年創業、50年以上地域密着。賃貸仲介・管理で多数実績と明記。火水定休
高,光栄住宅株式会社,兵庫県伊丹市中央1-9-14,072-772-1088,https://koei-net.com/,,,不明,阪急伊丹,https://koei-net.com/about/,高,2026-09-30,昭和46年創業。管理（居住用・事業用・月極駐車場）を事業に明記。火水定休
高,株式会社フィット（ピタットハウス阪急伊丹店）,兵庫県伊丹市中央1-5-27,072-771-6727,https://www.pitami.com/,,,あり（取扱に建築・設計・リフォーム。実態は要確認）,阪急伊丹,https://www.pitat.com/shopDetail/hankyuitami.html,高,2026-09-30,取扱業務に賃貸管理。資本金300万円の小規模法人
高,株式会社リビング建物管理,兵庫県伊丹市北伊丹2-60,072-771-7100,,,,不明,JR北伊丹,https://www.navitime.co.jp/poi?spot=00011-061195460,中,2026-09-30,NAVITIME掲載。社名は建物管理だが賃貸管理か分譲管理か未確認→要裏取り
高,山本産業株式会社,兵庫県伊丹市緑ケ丘6-43-4,072-775-2367,https://www.yamamotosan.jp/,,,不明,伊丹（緑ケ丘）,https://www.yamamotosan.jp/,中,2026-09-30,「伊丹市 賃貸 敷金礼金ゼロ」を掲げる自社賃貸系。自主管理の可能性。電話はスニペット集約のため中
高,株式会社ケントコーポレーション（リロの不動産 伊丹店）,店舗: 兵庫県伊丹市西台3-9-20 アシビル3F（本社: 大阪市北区梅田1-3-1 大阪駅前第一ビル 06-6344-3000）,072-778-9350,https://www.relo-itami.jp/,,,不明,阪急伊丹駅徒歩2分,https://relo-fudosan.jp/company/shop/itami/,高,2026-09-30,店舗番号。取扱に賃貸管理業務・リフォーム対応。本社は北区（対象3群）
高,らいおん不動産,兵庫県伊丹市（町名未確認）,,https://lionfudousan.com/,,,不明,伊丹,https://lionfudousan.com/,低,2026-09-30,法人名・電話未取得。不動産テック活用の賃貸管理を掲げる。前回北摂リストにあり
中,賃貸大阪株式会社（新大阪本店）,大阪府大阪市淀川区東三国1-32-12 ヴァンデュール新大阪CityLife1F,06-6392-4446,https://www.chintai.ne.jp/,,888戸（2025年7月時点、入居率95%。西中島店ページ表記）,不明,御堂筋線東三国駅徒歩1分,https://www.chintai.ne.jp/company.html,高,2026-09-30,2007年設立、従業員52名（SalesNow）。賃貸仲介・管理・売買。西中島店（西中島3-19-13）・蛍池店・福島店あり。FAX 06-6392-4447
中,森岡不動産商事,大阪府大阪市淀川区十三東2-11-8,06-6309-0486,http://moriokafudousan.com/,,,不明,阪急十三駅徒歩1分,https://www.fudousan.or.jp/property/agency/detail?id=00a589726935a005,中,2026-09-30,創業40年、賃貸マンション・オフィス・店舗・倉庫の総合不動産管理会社と明記。法人格未確認（個人事業の可能性）
中,株式会社アーバンホーム,大阪府大阪市淀川区西中島6-7-12,06-6390-0620,https://www.urban-home.ne.jp/,,,不明,西中島南方,https://www.urban-home.ne.jp/company,高,2026-09-30,自社管理物件多数と明記。対応エリア: 淀川・東淀川・西淀川区、豊中・吹田・池田市。全日会員
中,株式会社アイシティ住宅サービス,大阪府大阪市淀川区西宮原1-8-1 ロイヤルハイツ新大阪1F,06-6397-8000,https://www.ai-city-chintai.com/,,,不明,新大阪・東三国,https://www.ai-city-chintai.com/company/,高,2026-09-30,地域密着20年以上。年中無休。貸事務所部門（ai-city.com）あり
中,第一不動産株式会社,大阪府大阪市東淀川区淡路4-8-17,06-6323-0233,https://www.e-dai1.jp/,,,不明,阪急淡路駅徒歩1分,https://www.e-dai1.jp/company/,高,2026-09-30,1967年創業。取扱物件 東淀川区192件（淡路85・上新庄44・だいどう豊里39）。賃貸管理業務・24時間管理。FAX 06-6323-1212
中,株式会社住宅ファミリー社,大阪府大阪市東淀川区菅原5-5-27 アミル8 1F,06-6327-6633,https://www.jyuutaku-family.co.jp/,,,不明,阪急淡路・JR淡路,https://www.jyuutaku-family.co.jp/company/,高,2026-09-30,創業37年以上。貸主業・管理業・相続コンサルを事業に明記。前回北摂リストにあり（法人名未確認だった→確定）
中,ゆたか管理サービス（新庄製材有限会社）,大阪府大阪市東淀川区下新庄6-10-19,06-4809-8006,https://www.yutaka-ks.jp/,,,不明,阪急下新庄・上新庄,https://www.yutaka-ks.jp/,高,2026-09-30,法人名は新庄製材有限会社。賃貸管理専門を掲げる。9:00-20:00無休。FAX 06-4809-8009
中,コスモハウジング株式会社,大阪府大阪市東淀川区瑞光1-11-5,06-6370-8100,https://www.cosmoh.jp/,,,不明,阪急上新庄,https://www.cosmoh.jp/company/,高,2026-09-30,32年以上、管理専任物件ページあり。既存C000198（株）コスモハウジング（枚方市表記）は八尾市の同名別会社（cosmo-h.co.jp）の可能性が高く要確認。FAX 06-6370-8200
中,有限会社住宅情報館（塚本ハウジング）,大阪府大阪市西淀川区柏里3-1-38 塚本駅前ビル,06-6477-4556,https://www.tukahou.co.jp/,宅建免許 大阪府知事(4)第45371号,,不明,JR塚本・御幣島,https://www.tukahou.co.jp/company/,高,2026-09-30,"事業内容: 賃貸・売買・仲介・管理・収益。資本金1,000万円。御幣島に店舗（tukahou.com）"
中,株式会社ランドル,大阪府大阪市西淀川区野里2-2-4,0120-536-596,https://www.randle.co.jp/,,,あり（住宅リフォーム・店舗デザインを事業に含む）,JR御幣島・野里,https://www.randle.co.jp/company/index.html,高,2026-09-30,公式サイトはフリーダイヤルのみ掲載（固定番号は未取得）。1996年設立、従業員15名。賃貸管理（募集〜退去後リフォーム）ページあり
中,株式会社クリエイト建物管理,大阪府大阪市福島区大開1-1-1 桂文ビル1F,06-6465-6230,http://www.create-tk.net/,,,不明,野田阪神,http://www.create-tk.net/,高,2026-09-30,福島・西・西淀川・北・此花区が対応エリア。FAX 06-6465-6262
中,株式会社エスタス管財,大阪府大阪市北区（町名未確認）,06-6242-8460,https://s-tus.co.jp/,,"3,600戸（設立18年。公式サイト表記）",不明,北区（豊中・伊丹・高槻に対応エリアページあり）,https://www.osaka-takken.or.jp/search/result_detail/?id=02710525320,中,2026-09-30,既存名簿にあり（C000088。既存の名張市表記は誤りの可能性、公式は大阪市北区）。24時間電話受付。前回北摂リストにあり
中,株式会社サンフィールド,大阪府大阪市北区梅田1-2-2-1400 大阪駅前第2ビル,,,,,不明,JR大阪駅,https://www.jpm.jp/branch/list.php?cid=27,低,2026-09-30,日管協大阪府支部正会員。電話未取得。既存名簿にあり（C000199、枚方市表記）
中,株式会社アドラー,大阪府茨木市双葉町4-21-201,072-638-0500,https://adler-re.com/,,,不明,阪急茨木市,https://adler-re.com/,高,2026-09-30,売買・賃貸・管理を掲げる小規模法人
中,株式会社ニッケイ,大阪府茨木市東奈良3-11-32,072-630-5533,https://www.nikkei-jyutaku.co.jp/,宅建免許 知事(7)第42518号。賃貸住宅管理業者登録あり（番号未取得）,,あり（建築・設計・各種リフォームを業務に含む）,阪急南茨木駅徒歩3分,https://www.nikkei-jyutaku.co.jp/,高,2026-09-30,家賃集金代行・リフォーム手配等。全宅管理会員。FAX 072-630-5530
中,掛谷不動産株式会社,大阪府茨木市別院町4-15 別院町・掛谷第6ビル6F,072-638-3961,https://0726.co.jp/,,"2,789戸（2026年1月時点、入居率98.5%。公式サイト表記）",あり（掛谷工務店グループ。建築・リフォーム部門あり）,阪急茨木市,https://0726.co.jp/company/,高,2026-09-30,既存名簿にあり（C000106、中央区表記）。賃貸管理部 072-636-1110。自社工事ありのため退去立会・原状回復の受注余地は要見極め（参考寄り）
中,相互不動産株式会社,大阪府摂津市千里丘東2-10-1 フォルテ摂津1F,072-622-6072,https://www.sogo2103.com/,,,不明,JR千里丘・阪急正雀,https://www.sogo2103.com/company,高,2026-09-30,既存名簿にあり（C000069、都島区表記）。FAX 072-622-6678
中,栄進不動産,大阪府摂津市鳥飼中1-2-5-105 マンハイム淀川公園1F,072-653-3900,https://www.eishin-home.jp/,,,不明,モノレール南摂津,https://www.eishin-home.jp/,中,2026-09-30,法人格未確認。管理業務の有無は未確認
中,協同不動産株式会社,大阪府摂津市（町名未確認）,,https://www.kyodofudousan.com/,,,不明,阪急摂津市駅,https://www.kyodofudousan.com/,低,2026-09-30,電話・町名未取得。既存C000071協同グループ（摂津市千里丘東3-7-27）と関連の可能性
中,ハウス住宅管理株式会社,大阪府高槻市富田町3-3-12,072-695-3300,https://www.3300.org/,,,不明,阪急富田・JR摂津富田,https://www.3300.org/company,高,2026-09-30,北摂のテナント・管理。吹田市の「ハウス住宅管理有限会社」とは別法人。FAX 072-692-7000
中,株式会社オネスティー,大阪府高槻市（町名未確認）,,https://www.honestyhome.jp/,,,不明,高槻,https://www.honestyhome.jp/,低,2026-09-30,"賃貸仲介・賃貸管理・売買。総物件数2,132件表記。電話・所在地町名は未取得"
